id,treatment,age,female,black,hispanic,white,democrat,republican,trans_therm_t0,trans_therm_t1,trans_therm_t2,trans_therm_t3,trans_law_t3,responded_t1,responded_t3
46741,0,19,1,1,0,0,0,0,50,NA,NA,NA,NA,0,0
39339,0,58,1,1,0,0,1,0,50,NA,NA,NA,NA,0,0
65698,0,29,0,1,0,0,1,0,0,3,29,5,2,1,1
50891,1,59,1,1,0,0,1,0,100,97,86,62,1,1,1
34091,1,35,1,1,0,0,1,0,50,100,100,100,3,1,1
43455,1,51,1,1,0,0,1,0,50,NA,NA,NA,NA,0,0
32017,0,72,1,1,0,0,0,0,50,NA,NA,NA,NA,0,0
22968,1,63,1,1,0,0,1,0,50,50,50,50,0,1,1
12190,1,65,0,1,0,0,0,0,50,50,50,49,0,1,1
38268,0,51,1,0,0,1,0,0,47,30,50,50,1,1,1
28821,0,18,0,0,1,0,0,0,54,NA,NA,NA,NA,0,0
63418,0,26,1,1,0,0,1,0,74,50,50,50,0,1,1
52785,0,45,1,0,1,0,1,0,100,NA,NA,NA,NA,0,0
45431,0,18,1,0,1,0,1,0,100,NA,NA,NA,NA,0,0
11223,1,62,1,1,0,0,1,0,76,84,NA,72,3,1,1
21072,1,20,0,1,0,0,1,0,50,50,NA,NA,NA,1,0
67537,1,51,1,1,0,0,1,0,100,NA,NA,NA,NA,0,0
46261,1,41,1,0,0,1,0,0,100,NA,NA,NA,NA,0,0
44435,1,41,0,0,1,0,0,0,100,NA,NA,NA,NA,0,0
27928,1,39,0,1,0,0,1,0,100,NA,NA,NA,NA,0,0
4695,1,68,1,0,0,1,1,0,50,NA,NA,NA,NA,0,0
57948,1,72,0,1,0,0,1,0,0,NA,NA,NA,NA,0,0
6158,0,37,0,0,0,1,0,1,50,NA,NA,50,0,0,1
15836,0,17,1,1,0,0,1,0,66,NA,NA,NA,NA,0,0
14701,0,51,1,0,0,1,0,1,50,50,50,50,-3,1,1
8861,1,56,1,1,0,0,1,0,51,NA,NA,NA,NA,0,0
21987,0,26,0,1,0,0,1,0,25,NA,NA,NA,NA,0,0
28862,0,69,1,1,0,0,1,0,60,NA,NA,NA,NA,0,0
16877,0,68,0,1,0,0,1,0,50,NA,NA,NA,NA,0,0
8985,1,55,0,1,0,0,1,0,50,NA,NA,NA,NA,0,0
11679,1,34,1,1,0,0,1,0,87,NA,NA,NA,NA,0,0
41698,1,37,1,0,1,0,1,0,50,NA,NA,NA,NA,0,0
8113,1,40,1,1,0,0,1,0,54,NA,NA,NA,NA,0,0
7627,1,30,1,1,0,0,1,0,77,NA,NA,NA,NA,0,0
47598,0,70,0,1,0,0,1,0,50,NA,NA,NA,NA,0,0
59254,0,53,1,1,0,0,1,0,50,NA,NA,NA,NA,0,0
64288,0,44,1,1,0,0,1,0,50,NA,NA,NA,NA,0,0
28904,1,36,1,1,0,0,1,0,50,NA,NA,NA,NA,0,0
40271,1,61,1,1,0,0,1,0,50,NA,NA,NA,NA,0,0
43030,1,68,0,1,0,0,1,0,41,NA,NA,NA,NA,0,0
18272,0,31,1,1,0,0,0,0,50,NA,NA,NA,NA,0,0
50955,1,52,1,1,0,0,1,0,50,NA,NA,NA,NA,0,0
11683,0,46,1,1,0,0,0,0,0,NA,NA,NA,NA,0,0
41852,0,37,1,1,0,0,1,0,0,NA,NA,NA,NA,0,0
29949,0,66,1,1,0,0,0,1,0,NA,NA,NA,NA,0,0
39379,1,35,1,0,0,1,0,0,84,NA,NA,NA,NA,0,0
38424,1,76,0,0,1,0,0,1,50,NA,NA,NA,NA,0,0
20102,1,26,1,0,1,0,0,1,50,NA,NA,NA,NA,0,0
56242,1,21,1,1,0,0,1,0,0,NA,NA,NA,NA,0,0
7611,1,24,0,1,0,0,1,0,0,NA,NA,NA,NA,0,0
62047,1,69,1,1,0,0,1,0,11,NA,NA,NA,NA,0,0
13737,0,79,0,0,0,1,0,0,50,NA,NA,NA,NA,0,0
59186,1,58,0,1,0,0,1,0,50,NA,NA,NA,NA,0,0
6938,0,31,0,1,0,0,0,0,50,NA,NA,NA,NA,0,0
42175,1,27,1,1,0,0,1,0,50,NA,NA,NA,NA,0,0
47109,1,46,0,1,0,0,1,0,8,NA,NA,NA,NA,0,0
51864,0,51,1,0,1,0,1,0,92,NA,NA,NA,NA,0,0
17547,0,83,1,0,1,0,0,1,50,NA,NA,NA,NA,0,0
66453,1,53,1,0,0,1,0,1,100,50,100,50,3,1,1
9065,0,48,0,0,1,0,0,0,0,NA,NA,NA,NA,0,0
45292,0,30,1,0,1,0,0,0,21,NA,NA,NA,NA,0,0
4379,1,19,1,0,0,1,0,0,100,NA,NA,NA,NA,0,0
20435,1,66,1,0,1,0,1,0,64,89,84,70,2,1,1
11952,0,54,1,0,1,0,0,0,50,NA,NA,NA,NA,0,0
12114,1,35,1,1,0,0,0,1,0,NA,NA,NA,NA,0,0
53765,0,64,1,1,0,0,1,0,36,30,36,40,1,1,1
26821,0,57,1,0,0,1,1,0,80,59,57,50,1,1,1
23338,0,31,0,1,0,0,1,0,50,NA,NA,NA,NA,0,0
60437,1,70,0,1,0,0,1,0,50,NA,NA,NA,NA,0,0
51923,0,39,1,1,0,0,1,0,50,NA,NA,NA,NA,0,0
23640,0,61,0,0,1,0,0,0,50,50,50,50,3,1,1
17832,0,46,1,1,0,0,1,0,50,NA,NA,NA,NA,0,0
9370,1,57,1,1,0,0,1,0,50,NA,50,NA,NA,0,0
57383,1,82,1,0,1,0,1,0,50,50,NA,NA,NA,1,0
29271,0,72,1,1,0,0,1,0,50,NA,NA,NA,NA,0,0
8508,0,75,0,1,0,0,1,0,50,NA,NA,NA,NA,0,0
36143,1,73,1,1,0,0,1,0,50,NA,NA,NA,NA,0,0
55498,1,48,1,0,1,0,1,0,50,NA,NA,NA,NA,0,0
14208,1,50,1,1,0,0,1,0,50,81,71,75,2,1,1
38956,0,58,1,1,0,0,1,0,50,50,50,50,3,1,1
66107,0,21,1,0,1,0,0,1,50,NA,NA,NA,NA,0,0
46338,1,23,1,0,0,1,0,0,100,100,100,50,3,1,1
46293,1,40,1,0,0,1,0,1,100,100,100,50,2,1,1
32559,1,68,1,0,0,1,0,1,100,100,99,98,3,1,1
32023,1,22,1,1,0,0,1,0,50,NA,NA,NA,NA,0,0
55214,1,63,1,1,0,0,0,0,10,NA,NA,NA,NA,0,0
1778,0,19,1,1,0,0,1,0,66,NA,NA,NA,NA,0,0
8061,0,45,1,0,1,0,0,0,0,NA,NA,NA,NA,0,0
56471,1,28,1,1,0,0,0,0,14,19,27,17,0,1,1
28328,1,25,0,0,1,0,0,1,23,NA,NA,NA,NA,0,0
23490,1,26,1,0,1,0,0,1,81,NA,NA,NA,NA,0,0
14848,0,58,1,1,0,0,1,0,50,50,50,50,1,1,1
44547,0,22,0,1,0,0,0,0,50,50,50,50,3,1,1
64570,0,18,1,1,0,0,1,0,50,NA,NA,NA,NA,0,0
37966,0,31,0,0,1,0,0,0,50,50,50,50,0,1,1
47244,0,17,0,0,1,0,0,0,50,50,50,50,0,1,1
19868,0,40,0,0,1,0,1,0,60,50,50,50,0,1,1
15841,0,88,1,0,1,0,1,0,83,NA,NA,NA,NA,0,0
11676,0,53,1,0,1,0,0,1,67,NA,NA,NA,NA,0,0
5787,0,23,0,0,1,0,0,1,70,NA,NA,NA,NA,0,0
21401,1,58,1,0,0,1,1,0,100,NA,NA,NA,NA,0,0
20039,1,34,1,0,1,0,1,0,100,NA,NA,NA,NA,0,0
24523,0,25,1,1,0,0,1,0,50,50,50,50,1,1,1
5242,1,23,1,1,0,0,1,0,100,50,NA,100,2,1,1
28163,0,40,1,1,0,0,1,0,70,NA,NA,NA,NA,0,0
22641,0,41,1,1,0,0,1,0,50,65,NA,8,2,1,1
67160,0,29,0,1,0,0,0,0,39,NA,NA,NA,NA,0,0
9630,0,19,1,1,0,0,0,1,50,NA,NA,NA,NA,0,0
29770,0,31,1,0,1,0,0,1,0,NA,NA,NA,NA,0,0
34125,1,22,1,0,1,0,0,0,10,NA,NA,NA,NA,0,0
36830,1,57,1,0,1,0,0,0,40,NA,NA,NA,NA,0,0
33130,1,58,0,0,1,0,0,1,20,NA,NA,NA,NA,0,0
453,1,58,1,0,0,1,0,0,44,50,47,40,0,1,1
65613,1,57,0,0,0,1,0,0,50,50,50,50,-1,1,1
48190,1,31,1,1,0,0,1,0,52,78,96,97,1,1,1
31812,0,56,1,0,1,0,0,1,53,NA,NA,NA,NA,0,0
3113,1,65,0,1,0,0,1,0,66,55,50,54,0,1,1
10683,1,45,0,1,0,0,0,0,79,NA,NA,NA,NA,0,0
18427,1,65,1,1,0,0,0,0,41,65,75,59,0,1,1
42591,1,55,1,0,0,1,1,0,68,77,70,64,2,1,1
29201,1,22,1,1,0,0,1,0,69,NA,50,50,2,0,1
2062,1,74,0,1,0,0,1,0,63,81,70,59,3,1,1
21477,1,33,1,1,0,0,0,0,0,0,0,0,-3,1,1
65963,1,17,1,1,0,0,1,0,0,0,14,0,0,1,1
51426,1,48,1,1,0,0,0,0,50,50,55,0,0,1,1
4929,1,81,1,1,0,0,1,0,0,50,65,51,1,1,1
45395,1,46,1,1,0,0,0,0,95,100,86,90,3,1,1
2120,0,42,0,1,0,0,1,0,50,50,50,50,3,1,1
39417,0,19,0,0,1,0,0,0,50,50,50,50,0,1,1
32353,1,66,1,1,0,0,1,0,63,NA,NA,NA,NA,0,0
39413,0,49,0,0,0,1,0,1,0,NA,NA,NA,NA,0,0
16688,1,53,0,0,0,1,0,1,66,NA,NA,NA,NA,0,0
6189,0,51,1,1,0,0,0,0,100,NA,NA,NA,NA,0,0
26845,0,23,0,1,0,0,1,0,41,NA,NA,NA,NA,0,0
9049,0,48,1,1,0,0,1,0,41,NA,NA,NA,NA,0,0
52711,0,76,0,1,0,0,1,0,50,NA,NA,NA,NA,0,0
16873,0,85,1,0,0,1,0,1,4,NA,50,42,0,0,1
21595,0,24,0,0,1,0,1,0,60,NA,NA,NA,NA,0,0
49775,0,54,0,1,0,0,1,0,50,NA,NA,NA,NA,0,0
44865,0,81,1,1,0,0,0,0,50,NA,NA,NA,NA,0,0
25039,0,62,1,1,0,0,1,0,48,NA,NA,NA,NA,0,0
22144,1,42,0,0,0,1,0,1,50,NA,NA,NA,NA,0,0
44215,1,43,1,0,1,0,0,1,50,50,61,50,-1,1,1
41724,1,84,0,0,1,0,0,0,27,NA,NA,NA,NA,0,0
56930,0,57,1,1,0,0,1,0,0,1,3,NA,NA,1,0
66460,1,57,1,0,0,1,0,1,50,84,80,83,3,1,1
1734,1,41,1,1,0,0,0,0,100,NA,NA,NA,NA,0,0
2202,1,19,1,1,0,0,0,0,100,NA,NA,NA,NA,0,0
35855,0,31,0,1,0,0,1,0,5,NA,NA,NA,NA,0,0
40769,1,38,1,0,1,0,0,0,51,NA,NA,NA,NA,0,0
61928,1,63,1,1,0,0,1,0,50,NA,NA,NA,NA,0,0
14485,1,23,0,1,0,0,1,0,50,NA,NA,NA,NA,0,0
42412,1,69,1,1,0,0,1,0,40,NA,NA,NA,NA,0,0
9973,1,47,1,1,0,0,1,0,50,NA,NA,NA,NA,0,0
14718,0,20,1,0,1,0,1,0,50,NA,NA,NA,NA,0,0
2248,1,46,1,1,0,0,0,0,0,NA,NA,NA,NA,0,0
48069,0,55,1,1,0,0,1,0,50,NA,NA,NA,NA,0,0
33271,1,41,1,0,1,0,1,0,0,NA,NA,NA,NA,0,0
55598,0,27,0,1,0,0,0,0,0,NA,NA,NA,NA,0,0
29927,0,24,1,1,0,0,1,0,50,NA,NA,NA,NA,0,0
19642,0,47,1,1,0,0,1,0,50,NA,NA,NA,NA,0,0
50460,0,70,0,0,1,0,1,0,81,NA,NA,NA,NA,0,0
58897,1,57,1,0,0,1,0,1,50,50,NA,50,2,1,1
30562,1,58,1,1,0,0,1,0,50,NA,NA,NA,NA,0,0
54807,1,45,1,1,0,0,1,0,0,0,0,NA,NA,1,0
53197,1,58,0,1,0,0,1,0,2,14,0,NA,NA,1,0
14493,1,41,1,0,0,1,0,1,2,NA,NA,NA,NA,0,0
33098,1,36,0,0,0,1,0,0,0,NA,NA,NA,NA,0,0
52042,1,42,1,1,0,0,1,0,98,91,78,74,3,1,1
40749,1,61,1,1,0,0,1,0,69,NA,32,100,1,0,1
54547,0,34,1,1,0,0,1,0,0,NA,NA,NA,NA,0,0
8211,0,22,0,1,0,0,1,0,75,NA,NA,NA,NA,0,0
43571,1,43,0,1,0,0,0,1,0,NA,NA,NA,NA,0,0
19462,1,55,1,1,0,0,1,0,50,NA,NA,NA,NA,0,0
45665,0,61,1,1,0,0,1,0,50,NA,NA,NA,NA,0,0
14827,0,69,0,0,0,1,1,0,100,95,97,93,2,1,1
19713,0,49,1,1,0,0,1,0,0,0,0,0,-3,1,1
58555,1,31,1,1,0,0,1,0,50,84,50,85,2,1,1
20620,0,50,1,1,0,0,1,0,85,50,4,45,2,1,1
12433,1,18,0,1,0,0,1,0,50,NA,NA,NA,NA,0,0
39270,0,43,0,0,1,0,0,1,49,NA,NA,NA,NA,0,0
61240,1,36,1,1,0,0,1,0,50,50,50,50,2,1,1
14250,0,50,1,0,0,1,1,0,50,NA,NA,NA,NA,0,0
2306,0,49,1,0,1,0,1,0,100,NA,NA,NA,NA,0,0
11696,0,44,1,1,0,0,1,0,100,NA,NA,NA,NA,0,0
45414,0,34,1,1,0,0,1,0,99,NA,NA,NA,NA,0,0
17478,1,53,1,1,0,0,1,0,50,NA,NA,NA,NA,0,0
53469,0,50,0,0,0,1,1,0,50,55,70,60,1,1,1
18658,1,59,0,0,0,1,0,0,100,87,100,100,3,1,1
54301,1,56,1,0,0,1,1,0,50,84,81,98,3,1,1
57858,0,55,0,1,0,0,1,0,71,80,NA,NA,NA,1,0
43826,0,27,1,0,0,1,1,0,18,32,92,55,2,1,1
48772,1,38,0,1,0,0,0,0,50,50,50,50,1,1,1
40970,1,38,1,0,1,0,0,0,50,50,21,50,0,1,1
48724,1,43,1,1,0,0,1,0,50,100,100,100,2,1,1
43254,1,44,0,1,0,0,1,0,9,24,16,16,-1,1,1
54882,1,26,1,1,0,0,1,0,75,NA,NA,NA,NA,0,0
39853,1,53,1,1,0,0,1,0,50,NA,NA,NA,NA,0,0
766,0,55,1,1,0,0,1,0,13,NA,NA,NA,NA,0,0
20360,0,23,0,1,0,0,1,0,0,50,0,0,-2,1,1
57909,1,25,1,1,0,0,1,0,50,NA,NA,NA,NA,0,0
55724,1,40,1,1,0,0,1,0,50,NA,NA,NA,NA,0,0
21997,1,26,1,1,0,0,1,0,50,NA,NA,NA,NA,0,0
52650,0,58,1,1,0,0,1,0,50,NA,NA,NA,NA,0,0
15205,0,37,1,1,0,0,1,0,50,50,50,50,2,1,1
52410,1,19,1,1,0,0,1,0,49,50,50,50,3,1,1
3750,1,77,1,1,0,0,1,0,0,50,50,38,0,1,1
52246,1,62,0,1,0,0,1,0,50,63,50,50,2,1,1
23616,0,75,1,1,0,0,1,0,50,36,63,NA,NA,1,0
25772,0,56,1,1,0,0,1,0,37,50,81,64,0,1,1
11310,0,57,1,1,0,0,1,0,100,NA,NA,NA,NA,0,0
43204,1,26,0,1,0,0,1,0,0,12,50,50,0,1,1
40662,1,21,0,1,0,0,1,0,30,30,NA,NA,NA,1,0
14022,1,30,0,1,0,0,1,0,61,78,81,NA,NA,1,0
6891,0,68,0,0,0,1,0,1,50,NA,NA,NA,NA,0,0
38629,0,51,1,1,0,0,1,0,2,NA,NA,NA,NA,0,0
32805,1,75,1,1,0,0,1,0,50,NA,NA,NA,NA,0,0
4587,0,18,1,1,0,0,1,0,100,100,50,93,3,1,1
2155,0,42,1,0,1,0,1,0,100,100,86,83,3,1,1
56943,1,22,1,0,1,0,0,0,100,NA,NA,NA,NA,0,0
8874,1,45,1,1,0,0,1,0,50,NA,NA,NA,NA,0,0
66489,1,22,1,1,0,0,1,0,100,NA,NA,NA,NA,0,0
31717,0,72,0,1,0,0,1,0,50,53,94,50,1,1,1
62411,0,60,1,1,0,0,1,0,50,75,50,96,2,1,1
58210,1,52,1,1,0,0,1,0,0,NA,NA,NA,NA,0,0
1210,1,61,0,1,0,0,1,0,50,NA,NA,NA,NA,0,0
33410,0,66,1,1,0,0,1,0,48,34,50,44,3,1,1
21932,1,23,1,0,1,0,0,0,0,NA,NA,NA,NA,0,0
12825,0,49,0,0,1,0,0,1,50,NA,NA,NA,NA,0,0
31998,0,51,1,0,1,0,0,0,50,NA,NA,NA,NA,0,0
37328,0,22,0,1,0,0,1,0,67,100,100,61,3,1,1
52556,0,60,1,1,0,0,1,0,79,100,100,50,3,1,1
8384,0,39,1,1,0,0,1,0,27,55,100,87,3,1,1
36916,0,24,1,1,0,0,1,0,0,0,0,0,0,1,1
37341,0,21,0,1,0,0,1,0,0,NA,NA,NA,NA,0,0
14744,1,68,0,0,1,0,0,1,81,93,82,88,3,1,1
23986,1,68,1,0,1,0,1,0,94,NA,NA,NA,NA,0,0
33639,1,66,1,0,0,1,1,0,50,NA,NA,NA,NA,0,0
68251,0,19,1,1,0,0,0,0,50,NA,NA,NA,NA,0,0
57791,0,32,1,0,1,0,1,0,100,NA,NA,NA,NA,0,0
38787,0,32,0,0,0,1,1,0,100,NA,NA,NA,NA,0,0
32746,0,68,1,0,0,1,1,0,50,NA,NA,NA,NA,0,0
25080,1,88,1,0,0,1,1,0,50,NA,NA,NA,NA,0,0
1129,1,62,0,1,0,0,1,0,34,NA,NA,NA,NA,0,0
44265,0,32,0,1,0,0,1,0,6,NA,NA,NA,NA,0,0
3643,0,68,1,0,1,0,1,0,50,89,76,76,3,1,1
51926,0,59,0,0,0,1,1,0,81,50,73,86,3,1,1
60872,0,56,1,0,0,1,1,0,72,100,100,90,2,1,1
21123,0,81,0,1,0,0,1,0,37,NA,NA,NA,NA,0,0
64089,0,24,1,1,0,0,1,0,50,NA,NA,NA,NA,0,0
31994,0,66,1,1,0,0,1,0,50,NA,NA,NA,NA,0,0
26901,1,47,1,1,0,0,1,0,50,NA,NA,NA,NA,0,0
10818,0,46,1,1,0,0,1,0,50,50,55,50,2,1,1
63762,0,24,0,1,0,0,0,0,50,NA,NA,NA,NA,0,0
62638,0,30,0,1,0,0,1,0,50,NA,NA,NA,NA,0,0
5332,0,75,1,0,1,0,1,0,100,NA,NA,NA,NA,0,0
63639,0,44,1,1,0,0,1,0,0,NA,NA,NA,NA,0,0
62412,0,46,0,1,0,0,1,0,2,NA,NA,NA,NA,0,0
34769,0,23,1,1,0,0,1,0,100,NA,NA,NA,NA,0,0
62958,1,60,1,0,1,0,0,1,50,56,50,50,0,1,1
39502,1,67,0,0,0,1,1,0,50,50,50,50,0,1,1
57996,1,62,0,0,0,1,1,0,50,NA,NA,NA,NA,0,0
57660,1,61,1,0,0,1,1,0,100,NA,NA,NA,NA,0,0
60326,1,27,0,0,0,1,1,0,50,NA,NA,NA,NA,0,0
43346,1,61,0,0,1,0,1,0,90,NA,NA,NA,NA,0,0
1518,1,27,1,0,1,0,1,0,100,NA,NA,NA,NA,0,0
44124,1,51,1,1,0,0,1,0,100,NA,NA,NA,NA,0,0
35374,1,19,0,0,1,0,0,0,50,NA,NA,NA,NA,0,0
41485,0,43,1,0,1,0,0,0,50,67,73,79,1,1,1
14555,0,45,0,0,1,0,0,0,50,50,50,50,2,1,1
55442,1,51,1,1,0,0,1,0,50,NA,NA,NA,NA,0,0
10261,1,31,0,1,0,0,1,0,50,NA,NA,NA,NA,0,0
21023,1,30,0,1,0,0,1,0,50,NA,NA,NA,NA,0,0
3206,0,50,0,0,0,1,1,0,50,NA,NA,NA,NA,0,0
3318,1,33,0,0,0,1,0,0,50,50,50,50,2,1,1
1965,0,19,0,0,1,0,0,0,0,50,40,45,3,1,1
43794,0,28,0,1,0,0,1,0,0,NA,NA,NA,NA,0,0
26204,0,56,1,1,0,0,1,0,33,NA,NA,NA,NA,0,0
12425,1,39,1,1,0,0,1,0,32,50,50,50,0,1,1
42096,1,60,1,0,1,0,0,0,50,NA,NA,NA,NA,0,0
46893,1,36,1,1,0,0,1,0,2,4,0,0,-3,1,1
68308,0,25,1,1,0,0,1,0,50,NA,NA,NA,NA,0,0
39980,0,30,0,0,1,0,0,1,0,NA,NA,NA,NA,0,0
1266,0,25,0,0,1,0,0,0,21,NA,NA,NA,NA,0,0
53470,1,25,0,1,0,0,1,0,0,NA,NA,NA,NA,0,0
3140,0,41,0,1,0,0,1,0,50,NA,NA,NA,NA,0,0
50392,0,18,0,0,1,0,0,0,50,NA,NA,NA,NA,0,0
54453,0,64,1,0,1,0,1,0,50,NA,NA,NA,NA,0,0
691,1,54,1,0,0,1,1,0,50,NA,NA,NA,NA,0,0
7160,0,58,1,1,0,0,1,0,58,NA,NA,NA,NA,0,0
24010,1,30,0,0,1,0,0,0,26,NA,NA,NA,NA,0,0
14791,1,28,1,0,0,1,0,1,50,NA,NA,NA,NA,0,0
48358,0,28,1,1,0,0,1,0,80,NA,NA,NA,NA,0,0
37263,1,54,1,0,1,0,1,0,21,NA,NA,NA,NA,0,0
47309,0,51,0,0,1,0,1,0,0,NA,NA,NA,NA,0,0
7935,0,37,1,0,0,1,0,1,50,45,48,50,1,1,1
43751,1,62,0,0,1,0,1,0,50,60,50,80,2,1,1
33194,1,51,1,0,1,0,1,0,50,41,NA,NA,NA,1,0
37932,0,42,1,1,0,0,1,0,50,51,50,37,2,1,1
54073,0,51,0,1,0,0,1,0,13,0,0,0,-3,1,1
18277,0,37,1,0,1,0,0,0,50,NA,NA,NA,NA,0,0
51866,0,87,1,0,0,1,1,0,50,NA,NA,NA,NA,0,0
42203,0,54,0,0,1,0,1,0,50,NA,NA,NA,NA,0,0
21960,1,43,0,1,0,0,0,0,44,52,52,81,0,1,1
31877,1,45,1,1,0,0,1,0,50,50,50,64,1,1,1
56338,1,NA,0,0,0,0,0,0,50,50,49,100,1,1,1
44892,1,60,1,0,0,1,1,0,100,96,99,94,3,1,1
23235,1,64,0,0,0,1,0,0,50,NA,50,50,3,0,1
55858,0,40,1,1,0,0,1,0,50,50,NA,NA,NA,1,0
68300,0,63,1,0,1,0,0,1,22,NA,NA,NA,NA,0,0
10642,1,62,0,1,0,0,1,0,50,NA,NA,NA,NA,0,0
34756,1,61,1,0,0,1,1,0,50,NA,NA,NA,NA,0,0
41926,1,57,0,0,0,1,0,0,50,NA,NA,NA,NA,0,0
26255,1,61,1,0,0,1,1,0,50,NA,NA,NA,NA,0,0
4376,1,53,1,1,0,0,1,0,50,99,50,50,0,1,1
40551,1,72,0,0,1,0,1,0,50,NA,NA,NA,NA,0,0
67266,0,63,0,0,1,0,0,0,38,NA,NA,NA,NA,0,0
9262,0,57,0,0,1,0,0,0,50,NA,NA,NA,NA,0,0
13001,0,32,1,0,1,0,0,0,31,NA,NA,NA,NA,0,0
2354,1,65,1,1,0,0,1,0,50,NA,NA,NA,NA,0,0
19416,0,49,0,0,1,0,0,1,100,NA,NA,NA,NA,0,0
26841,0,55,0,0,1,0,0,1,50,70,NA,59,2,1,1
29359,1,58,0,0,0,1,1,0,50,NA,NA,NA,NA,0,0
59335,0,67,0,0,0,1,0,0,100,50,50,50,3,1,1
43089,0,54,1,0,0,1,0,0,96,96,96,96,3,1,1
50505,0,52,1,1,0,0,1,0,50,70,50,50,0,1,1
22643,1,34,0,1,0,0,0,0,0,NA,NA,NA,NA,0,0
44701,1,22,1,1,0,0,0,0,0,NA,NA,NA,NA,0,0
42705,0,44,0,1,0,0,0,0,1,NA,NA,NA,NA,0,0
15981,1,71,1,0,1,0,1,0,60,NA,NA,NA,NA,0,0
68018,1,74,0,0,1,0,1,0,50,NA,NA,NA,NA,0,0
61440,1,38,0,0,1,0,0,0,100,NA,NA,NA,NA,0,0
44698,0,64,1,0,0,1,1,0,50,50,50,50,2,1,1
62390,0,24,1,1,0,0,1,0,86,100,100,100,3,1,1
31462,0,46,1,1,0,0,1,0,50,55,75,70,2,1,1
29998,0,51,0,1,0,0,1,0,0,100,50,50,0,1,1
62316,0,76,1,0,0,1,1,0,71,NA,NA,NA,NA,0,0
62356,1,74,0,0,0,1,0,0,72,NA,NA,NA,NA,0,0
39623,1,71,1,0,1,0,0,0,50,NA,NA,NA,NA,0,0
66083,1,56,1,1,0,0,1,0,50,50,50,50,-1,1,1
21913,0,25,1,0,1,0,0,0,85,50,100,50,2,1,1
4543,0,45,0,0,1,0,1,0,0,NA,NA,NA,NA,0,0
14462,0,55,1,0,1,0,1,0,0,0,50,2,0,1,1
4048,0,52,1,0,1,0,0,1,50,NA,NA,NA,NA,0,0
48896,0,20,1,0,1,0,0,0,10,NA,NA,NA,NA,0,0
47449,1,20,1,0,1,0,0,1,100,NA,NA,NA,NA,0,0
49345,1,64,1,0,1,0,0,0,50,NA,NA,NA,NA,0,0
39375,1,59,1,0,0,1,0,1,50,50,50,49,3,1,1
67664,0,34,0,1,0,0,0,0,50,NA,NA,NA,NA,0,0
26918,0,73,0,1,0,0,1,0,50,NA,NA,NA,NA,0,0
62118,0,64,1,1,0,0,1,0,27,NA,NA,NA,NA,0,0
17171,0,90,0,0,1,0,1,0,50,NA,NA,NA,NA,0,0
23525,0,27,1,0,0,1,1,0,71,NA,NA,NA,NA,0,0
9883,0,57,0,0,1,0,0,1,50,NA,NA,NA,NA,0,0
8401,1,56,0,0,1,0,0,0,58,NA,NA,NA,NA,0,0
3781,0,71,0,0,1,0,1,0,50,50,50,50,0,1,1
1390,0,66,1,0,1,0,0,0,50,50,50,50,2,1,1
12166,1,69,0,0,1,0,1,0,20,NA,NA,NA,NA,0,0
39456,1,18,0,0,1,0,1,0,100,NA,NA,NA,NA,0,0
37900,0,18,1,0,1,0,0,0,100,NA,NA,NA,NA,0,0
63089,0,20,0,0,1,0,1,0,100,NA,NA,NA,NA,0,0
67006,1,65,1,0,1,0,1,0,50,NA,NA,NA,NA,0,0
21767,1,46,1,0,1,0,0,0,50,50,50,50,-3,1,1
23848,1,41,0,0,1,0,1,0,50,50,50,50,0,1,1
20388,0,21,1,0,1,0,0,1,50,NA,NA,NA,NA,0,0
42534,0,47,0,1,0,0,1,0,50,50,50,50,3,1,1
59944,0,53,1,0,1,0,1,0,80,NA,NA,NA,NA,0,0
35745,0,60,0,0,1,0,1,0,100,NA,NA,NA,NA,0,0
5565,0,19,1,0,1,0,1,0,100,NA,NA,NA,NA,0,0
36551,1,34,0,0,0,1,0,0,80,86,80,90,3,1,1
9839,1,36,1,0,0,1,0,0,74,85,100,80,3,1,1
12828,1,29,1,0,1,0,0,1,27,NA,NA,NA,NA,0,0
53769,1,51,0,0,1,0,0,1,0,NA,NA,NA,NA,0,0
38458,1,50,1,0,1,0,0,1,0,NA,NA,NA,NA,0,0
52406,1,87,1,0,1,0,0,0,100,NA,NA,NA,NA,0,0
17350,1,47,1,0,1,0,0,0,48,NA,NA,NA,NA,0,0
18483,0,19,1,0,1,0,1,0,100,NA,NA,NA,NA,0,0
40932,1,24,0,1,0,0,1,0,0,0,0,0,-3,1,1
66260,1,52,1,0,1,0,1,0,27,50,26,50,1,1,1
27669,1,46,0,0,0,1,1,0,0,50,50,50,2,1,1
37287,1,39,1,0,1,0,1,0,58,61,87,68,3,1,1
68150,1,65,1,1,0,0,1,0,0,NA,NA,NA,NA,0,0
29686,0,42,1,0,1,0,0,0,50,66,77,NA,NA,1,0
40941,0,56,1,0,1,0,0,0,50,NA,NA,NA,NA,0,0
34326,1,56,0,0,0,1,0,1,50,65,70,50,2,1,1
10655,0,54,1,0,1,0,0,1,51,NA,NA,NA,NA,0,0
16632,1,30,1,1,0,0,1,0,0,NA,NA,NA,NA,0,0
55851,0,20,0,0,1,0,0,1,23,NA,NA,NA,NA,0,0
67683,1,51,0,0,1,0,0,1,0,NA,NA,NA,NA,0,0
66774,1,60,0,0,0,1,1,0,50,NA,NA,NA,NA,0,0
33400,0,61,0,0,1,0,0,1,22,NA,NA,NA,NA,0,0
28535,0,58,1,0,1,0,0,1,37,NA,NA,NA,NA,0,0
13347,0,24,0,0,1,0,0,1,40,NA,NA,NA,NA,0,0
12863,1,43,0,1,0,0,1,0,0,NA,NA,NA,NA,0,0
44114,1,40,1,1,0,0,0,0,50,NA,NA,NA,NA,0,0
22269,1,77,0,0,0,1,0,1,50,80,50,NA,NA,1,0
13332,0,24,0,1,0,0,1,0,50,NA,NA,NA,NA,0,0
60712,1,55,0,0,1,0,0,0,100,83,71,81,3,1,1
43565,1,40,1,0,0,1,0,0,50,NA,14,35,1,0,1
25309,1,72,1,1,0,0,1,0,0,21,50,50,2,1,1
8712,1,55,1,1,0,0,1,0,100,NA,NA,NA,NA,0,0
48090,0,62,1,0,1,0,0,0,89,NA,NA,NA,NA,0,0
26568,1,27,1,0,1,0,0,1,49,NA,NA,NA,NA,0,0
47253,1,57,1,0,1,0,0,1,30,NA,NA,NA,NA,0,0
18833,1,63,1,0,1,0,0,1,50,NA,NA,NA,NA,0,0
63647,1,26,0,0,1,0,0,0,94,100,85,100,3,1,1
38887,1,53,1,0,1,0,0,1,100,NA,50,50,-3,0,1
30359,1,53,0,0,0,1,0,1,0,0,0,0,-3,1,1
46065,1,43,1,1,0,0,1,0,50,NA,NA,NA,NA,0,0
50992,0,71,1,1,0,0,1,0,50,50,0,NA,NA,1,0
38836,0,27,0,1,0,0,0,0,50,50,50,NA,NA,1,0
11719,0,30,1,1,0,0,1,0,50,0,25,NA,NA,1,0
64791,0,63,0,0,0,1,1,0,60,NA,NA,NA,NA,0,0
15872,1,60,0,0,0,1,1,0,100,100,100,100,2,1,1
43661,1,59,0,0,0,1,0,0,50,60,54,71,2,1,1
4206,1,43,0,0,0,1,0,1,9,NA,NA,NA,NA,0,0
44921,0,80,1,0,0,1,1,0,7,0,50,23,0,1,1
65511,0,53,0,0,0,1,1,0,50,41,49,50,1,1,1
28043,0,48,1,0,0,1,0,1,50,49,50,50,1,1,1
42495,0,27,0,1,0,0,1,0,94,NA,NA,NA,NA,0,0
42779,0,34,0,1,0,0,0,1,100,NA,NA,NA,NA,0,0
45458,1,61,1,1,0,0,0,0,100,NA,NA,NA,NA,0,0
734,0,24,0,1,0,0,1,0,22,20,34,42,-1,1,1
41103,0,30,0,1,0,0,1,0,20,36,50,40,0,1,1
49442,0,62,1,1,0,0,1,0,50,50,50,50,0,1,1
13262,0,66,1,1,0,0,1,0,0,NA,NA,NA,NA,0,0
59738,0,54,1,0,1,0,1,0,50,50,57,60,1,1,1
44717,0,59,0,0,1,0,0,1,50,50,50,30,-1,1,1
44606,0,25,0,1,0,0,1,0,50,NA,NA,NA,NA,0,0
21811,1,62,0,1,0,0,1,0,50,NA,NA,NA,NA,0,0
63797,1,23,1,0,0,0,0,0,85,NA,NA,NA,NA,0,0
45058,0,23,1,1,0,0,1,0,88,NA,NA,NA,NA,0,0
63218,0,44,1,0,1,0,0,0,52,NA,NA,NA,NA,0,0
65967,1,56,0,0,1,0,1,0,51,NA,NA,NA,NA,0,0
61974,0,56,1,0,1,0,1,0,35,20,25,31,1,1,1
46899,0,24,1,0,1,0,1,0,90,90,80,70,0,1,1
38192,0,35,1,0,1,0,1,0,84,86,58,63,3,1,1
36782,0,62,0,1,0,0,0,0,50,NA,NA,NA,NA,0,0
38332,0,61,1,1,0,0,1,0,50,NA,NA,NA,NA,0,0
17926,1,55,1,0,1,0,0,1,50,NA,NA,NA,NA,0,0
40705,1,56,1,0,0,1,1,0,100,NA,NA,NA,NA,0,0
53925,1,19,0,0,0,1,0,0,50,100,70,100,3,1,1
18303,1,47,1,0,1,0,0,1,50,NA,NA,NA,NA,0,0
46090,0,42,0,0,1,0,0,0,73,88,60,72,3,1,1
53587,0,58,1,0,0,1,0,0,76,80,72,82,2,1,1
47148,1,65,0,0,0,1,1,0,80,NA,NA,NA,NA,0,0
38154,1,50,1,0,1,0,0,1,50,NA,NA,NA,NA,0,0
36930,0,80,0,0,0,1,1,0,62,100,76,50,3,1,1
26012,0,69,1,0,0,1,1,0,88,65,91,96,3,1,1
18226,0,53,1,0,0,1,0,1,46,48,50,50,1,1,1
13057,0,56,0,0,0,1,1,0,80,50,62,92,3,1,1
58799,0,30,0,0,1,0,0,1,100,NA,NA,NA,NA,0,0
8193,0,20,0,1,0,0,1,0,0,NA,NA,NA,NA,0,0
34235,0,41,1,0,1,0,0,0,89,NA,NA,NA,NA,0,0
7359,1,52,1,0,1,0,0,1,50,NA,NA,NA,NA,0,0
33628,1,44,1,1,0,0,1,0,88,50,50,50,1,1,1
67763,0,18,1,0,1,0,0,0,50,50,50,50,-1,1,1
1509,0,46,1,0,1,0,1,0,50,76,50,0,-1,1,1
40801,0,42,1,0,1,0,1,0,0,50,50,2,-1,1,1
31350,1,25,1,0,1,0,0,1,100,NA,NA,NA,NA,0,0
21602,1,49,1,0,0,1,0,1,25,NA,NA,NA,NA,0,0
27425,1,28,0,0,1,0,1,0,60,NA,NA,NA,NA,0,0
67344,1,57,1,0,0,1,0,1,50,NA,NA,NA,NA,0,0
65609,1,53,0,0,1,0,0,1,50,NA,NA,NA,NA,0,0
9649,0,24,0,0,1,0,0,0,75,NA,NA,NA,NA,0,0
50659,1,77,1,0,1,0,0,0,31,NA,NA,NA,NA,0,0
8501,1,73,0,0,1,0,0,0,50,NA,NA,NA,NA,0,0
58933,0,60,1,0,0,1,0,1,50,NA,NA,NA,NA,0,0
61633,1,21,0,0,0,0,0,0,50,NA,50,74,3,0,1
56173,0,52,1,0,0,1,0,1,50,NA,NA,NA,NA,0,0
8622,0,61,0,0,0,1,1,0,0,NA,NA,NA,NA,0,0
23927,1,77,0,0,1,0,0,0,50,NA,NA,NA,NA,0,0
57422,1,44,0,0,1,0,0,1,50,NA,NA,NA,NA,0,0
3186,1,22,0,0,1,0,1,0,10,NA,NA,NA,NA,0,0
21726,1,53,1,0,1,0,0,1,0,NA,NA,NA,NA,0,0
17639,1,23,0,0,1,0,0,1,0,NA,NA,NA,NA,0,0
49314,0,59,1,1,0,0,1,0,32,NA,NA,NA,NA,0,0
60947,0,47,0,0,1,0,1,0,75,NA,NA,NA,NA,0,0
32961,1,63,0,0,1,0,0,1,11,NA,NA,NA,NA,0,0
33305,0,52,1,0,1,0,0,1,0,NA,NA,0,-3,0,1
35596,0,49,0,0,0,1,0,1,0,NA,1,10,-3,0,1
36823,0,33,1,0,1,0,0,0,8,NA,NA,NA,NA,0,0
19975,0,33,0,0,1,0,0,1,0,NA,NA,NA,NA,0,0
49803,1,59,0,0,1,0,0,1,50,NA,NA,NA,NA,0,0
23217,1,61,1,0,1,0,0,1,49,NA,NA,NA,NA,0,0
62933,1,75,0,0,1,0,0,1,4,NA,NA,NA,NA,0,0
66097,1,29,1,0,1,0,0,0,50,NA,NA,NA,NA,0,0
29259,1,52,0,0,0,1,1,0,100,NA,NA,NA,NA,0,0
305,1,52,1,0,1,0,1,0,70,NA,NA,NA,NA,0,0
65931,0,54,1,0,1,0,1,0,36,NA,NA,NA,NA,0,0
60825,0,66,0,0,1,0,1,0,31,NA,NA,NA,NA,0,0
43102,0,42,0,1,0,0,1,0,50,NA,NA,NA,NA,0,0
14547,1,37,0,0,1,0,0,1,50,27,50,25,2,1,1
26107,1,83,0,0,1,0,0,1,0,0,0,10,-3,1,1
66380,0,30,1,0,1,0,0,0,56,NA,NA,NA,NA,0,0
56981,0,33,1,0,1,0,0,0,50,NA,NA,NA,NA,0,0
46136,0,77,0,0,0,1,0,1,0,0,50,0,0,1,1
55016,0,66,1,0,1,0,0,1,0,0,0,0,-2,1,1
16851,0,64,0,0,0,1,1,0,50,50,50,50,3,1,1
6135,0,76,1,0,0,1,1,0,50,50,50,50,2,1,1
64637,1,55,0,0,1,0,1,0,100,NA,NA,NA,NA,0,0
18329,1,53,1,1,0,0,1,0,87,NA,NA,NA,NA,0,0
13419,0,72,1,0,1,0,1,0,94,50,65,85,2,1,1
66653,1,49,1,0,0,1,1,0,100,NA,NA,NA,NA,0,0
8827,1,36,1,0,0,1,1,0,100,NA,NA,NA,NA,0,0
25237,1,62,1,0,0,1,1,0,100,NA,NA,NA,NA,0,0
60341,1,52,1,0,1,0,1,0,50,NA,NA,NA,NA,0,0
19812,1,24,1,0,1,0,0,1,100,NA,NA,NA,NA,0,0
7928,1,62,0,0,0,1,1,0,90,NA,NA,NA,NA,0,0
31038,0,41,1,0,0,1,0,1,99,NA,NA,NA,NA,0,0
62326,1,36,1,1,0,0,1,0,50,NA,NA,NA,NA,0,0
15888,1,45,1,0,1,0,0,1,50,NA,NA,NA,NA,0,0
15124,1,46,0,0,1,0,0,1,50,NA,NA,NA,NA,0,0
56159,0,40,1,0,1,0,1,0,50,50,50,50,2,1,1
2923,0,NA,1,0,0,1,0,0,2,NA,NA,NA,NA,0,0
39327,0,66,1,0,0,1,0,1,50,NA,NA,NA,NA,0,0
664,1,40,1,1,0,0,1,0,2,NA,NA,NA,NA,0,0
14840,1,39,0,1,0,0,1,0,36,NA,NA,NA,NA,0,0
62221,1,41,0,0,1,0,0,0,93,NA,NA,NA,NA,0,0
22513,1,55,1,0,1,0,0,1,50,NA,NA,NA,NA,0,0
32355,1,46,1,0,0,1,0,0,48,NA,NA,NA,NA,0,0
41101,0,24,0,0,1,0,0,0,50,NA,NA,NA,NA,0,0
4168,1,19,0,0,1,0,0,0,50,NA,NA,NA,NA,0,0
43784,1,29,0,0,1,0,1,0,50,NA,NA,NA,NA,0,0
45057,1,51,1,0,0,1,0,0,50,NA,NA,NA,NA,0,0
40571,1,55,0,1,0,0,1,0,50,50,50,50,2,1,1
27126,1,58,1,1,0,0,1,0,60,NA,NA,NA,NA,0,0
8,0,40,0,0,0,1,0,0,50,NA,NA,NA,NA,0,0
45146,0,34,1,0,0,1,0,1,50,NA,NA,NA,NA,0,0
1901,0,19,1,0,1,0,0,0,100,NA,NA,NA,NA,0,0
28502,0,49,0,0,1,0,0,1,70,NA,NA,NA,NA,0,0
12401,0,42,1,0,1,0,0,0,89,NA,NA,NA,NA,0,0
60043,1,74,0,0,0,1,1,0,50,NA,NA,NA,NA,0,0
17766,0,48,1,0,1,0,0,1,100,NA,NA,NA,NA,0,0
7090,0,76,1,0,1,0,0,1,100,NA,NA,NA,NA,0,0
5005,0,64,1,0,1,0,0,1,50,NA,NA,NA,NA,0,0
31938,0,41,0,0,1,0,0,0,41,NA,NA,NA,NA,0,0
17552,0,43,1,1,0,0,1,0,0,NA,NA,NA,NA,0,0
42295,0,19,1,1,0,0,1,0,0,NA,NA,NA,NA,0,0
65044,0,69,0,0,1,0,1,0,50,NA,NA,NA,NA,0,0
30381,0,69,1,0,1,0,1,0,50,NA,NA,NA,NA,0,0
41314,1,60,0,0,0,1,0,0,50,NA,NA,NA,NA,0,0
1370,1,60,1,0,1,0,0,1,36,NA,NA,NA,NA,0,0
50257,1,69,0,0,0,1,1,0,100,NA,NA,NA,NA,0,0
5047,0,23,1,0,1,0,0,0,100,NA,NA,NA,NA,0,0
44254,0,47,1,0,0,1,0,0,50,50,50,50,1,1,1
22412,1,53,0,0,1,0,1,0,100,NA,NA,NA,NA,0,0
33043,1,42,0,0,1,0,1,0,100,NA,NA,NA,NA,0,0
43347,1,68,1,0,1,0,1,0,50,30,63,50,0,1,1
6751,0,25,1,0,1,0,0,0,50,NA,NA,NA,NA,0,0
26253,1,69,1,0,0,1,1,0,50,50,100,50,2,1,1
54104,1,50,0,0,1,0,0,1,0,NA,NA,NA,NA,0,0
45704,0,51,0,0,1,0,0,0,0,15,6,6,-2,1,1
45636,0,72,0,0,0,1,1,0,0,25,30,30,0,1,1
32014,0,59,1,0,0,1,0,0,100,84,100,50,2,1,1
48883,1,69,0,0,1,0,0,1,0,0,0,0,-2,1,1
51188,1,66,1,0,1,0,0,1,50,0,23,10,-1,1,1
45345,0,34,1,0,1,0,1,0,62,NA,NA,NA,NA,0,0
60908,0,69,0,0,0,1,0,1,29,NA,NA,NA,NA,0,0
12217,1,29,0,0,1,0,0,1,50,NA,NA,NA,NA,0,0
25154,1,34,1,0,1,0,0,0,50,NA,NA,NA,NA,0,0
58419,0,42,1,0,0,1,0,1,50,NA,NA,NA,NA,0,0
41504,0,64,1,0,0,1,1,0,50,85,60,50,2,1,1
16646,1,23,1,0,1,0,0,0,100,NA,NA,NA,NA,0,0
64536,1,56,0,0,1,0,0,1,50,NA,NA,NA,NA,0,0
4199,0,39,1,0,1,0,0,1,100,NA,NA,NA,NA,0,0
4814,0,47,0,0,1,0,1,0,50,50,50,50,2,1,1
56015,1,54,1,0,1,0,0,0,100,NA,NA,NA,NA,0,0
2861,1,24,1,1,0,0,1,0,50,NA,NA,NA,NA,0,0
38716,1,80,1,0,0,1,1,0,50,NA,NA,NA,NA,0,0
58351,0,39,0,0,0,1,1,0,100,NA,NA,NA,NA,0,0
4426,0,38,0,0,0,1,1,0,84,NA,NA,NA,NA,0,0
32257,1,52,0,0,1,0,1,0,50,NA,NA,NA,NA,0,0
27573,1,50,1,0,1,0,1,0,100,NA,NA,NA,NA,0,0
48256,1,41,0,0,0,1,0,1,16,50,23,30,0,1,1
36700,1,38,1,1,0,0,1,0,0,75,10,10,-2,1,1
28529,1,43,0,0,0,1,1,0,100,100,100,100,3,1,1
48071,1,43,1,0,0,1,1,0,77,99,78,78,3,1,1
15927,1,43,1,0,0,1,1,0,100,99,50,97,3,1,1
20483,0,30,0,0,1,0,0,1,71,50,84,89,2,1,1
48371,0,28,1,0,1,0,0,1,50,76,95,100,2,1,1
13844,1,76,1,0,1,0,0,1,67,NA,NA,NA,NA,0,0
23931,1,54,1,0,1,0,0,1,100,NA,NA,NA,NA,0,0
49760,1,36,0,0,1,0,1,0,50,65,80,75,2,1,1
49499,1,54,1,0,1,0,0,0,60,NA,NA,NA,NA,0,0
17030,1,21,1,0,1,0,0,0,62,NA,NA,NA,NA,0,0
35698,1,53,1,0,1,0,0,0,50,NA,NA,NA,NA,0,0
13843,0,55,1,0,1,0,1,0,50,NA,NA,NA,NA,0,0
42932,1,61,1,0,0,1,0,0,100,82,93,89,2,1,1
2442,0,65,1,0,0,1,1,0,100,NA,NA,NA,NA,0,0
20469,1,63,1,0,0,1,0,1,70,NA,NA,NA,NA,0,0
37951,0,21,1,0,0,1,0,0,69,NA,NA,NA,NA,0,0
29917,0,25,0,1,0,0,0,0,50,NA,NA,NA,NA,0,0
57556,0,52,1,1,0,0,1,0,40,NA,NA,NA,NA,0,0
20527,1,26,1,1,0,0,1,0,34,NA,NA,NA,NA,0,0
1516,1,19,0,1,0,0,1,0,9,NA,NA,NA,NA,0,0
62204,1,80,0,0,0,1,0,1,50,50,50,40,2,1,1
67439,1,37,1,0,1,0,1,0,100,100,95,100,2,1,1
1642,0,40,1,0,1,0,1,0,100,NA,NA,NA,NA,0,0
14288,0,47,1,0,1,0,0,0,100,100,100,100,3,1,1
51514,0,47,0,0,0,1,0,1,74,50,100,50,2,1,1
20932,0,65,1,0,1,0,0,1,50,NA,NA,NA,NA,0,0
2669,0,26,1,0,1,0,1,0,100,NA,NA,NA,NA,0,0
42645,1,25,0,0,1,0,0,0,64,NA,NA,NA,NA,0,0
17487,0,64,0,0,0,1,0,1,50,NA,NA,NA,NA,0,0
49955,1,31,1,1,0,0,1,0,100,NA,NA,NA,NA,0,0
34505,1,41,1,1,0,0,0,0,36,NA,NA,NA,NA,0,0
32208,0,55,1,0,0,1,0,0,40,50,50,50,1,1,1
43384,0,38,1,1,0,0,1,0,50,NA,NA,NA,NA,0,0
48334,1,29,0,1,0,0,1,0,71,NA,NA,NA,NA,0,0
36061,0,71,1,0,0,1,1,0,88,NA,NA,NA,NA,0,0
50689,0,23,1,1,0,0,1,0,0,NA,NA,NA,NA,0,0
54853,0,63,1,0,0,1,0,1,29,NA,NA,NA,NA,0,0
7310,0,62,0,0,0,1,1,0,32,NA,NA,NA,NA,0,0
45002,1,73,1,0,0,1,1,0,100,NA,NA,NA,NA,0,0
49109,0,68,0,0,0,1,1,0,50,NA,NA,NA,NA,0,0
31116,1,53,0,1,0,0,1,0,44,NA,NA,NA,NA,0,0
58777,1,29,1,0,1,0,1,0,50,NA,NA,NA,NA,0,0
32719,1,20,1,1,0,0,1,0,71,NA,NA,NA,NA,0,0
18963,1,61,1,1,0,0,1,0,50,NA,NA,NA,NA,0,0
34823,0,37,0,0,0,1,0,0,76,NA,NA,NA,NA,0,0
32813,0,51,1,0,1,0,0,1,50,50,NA,91,3,1,1
43668,0,40,1,1,0,0,1,0,100,NA,NA,NA,NA,0,0
50950,0,19,1,1,0,0,0,1,56,NA,NA,NA,NA,0,0
23309,0,43,0,1,0,0,1,0,50,NA,NA,NA,NA,0,0
45853,1,51,1,1,0,0,1,0,97,NA,NA,NA,NA,0,0
19173,1,27,0,1,0,0,0,0,50,NA,NA,NA,NA,0,0
23190,1,68,0,0,0,1,0,1,0,5,50,20,-3,1,1
31957,1,25,1,0,1,0,1,0,0,NA,NA,NA,NA,0,0
33248,1,47,1,1,0,0,1,0,0,NA,NA,NA,NA,0,0
6564,0,32,0,0,1,0,1,0,43,NA,NA,NA,NA,0,0
13237,0,38,1,0,1,0,0,0,50,NA,NA,NA,NA,0,0
13002,1,49,1,1,0,0,1,0,84,96,97,100,3,1,1
8239,1,26,0,1,0,0,1,0,91,100,100,97,3,1,1
44985,1,20,1,1,0,0,1,0,100,100,100,100,3,1,1
54089,0,44,0,1,0,0,0,0,9,NA,NA,NA,NA,0,0
31344,1,66,1,1,0,0,1,0,50,NA,NA,NA,NA,0,0
9795,0,26,1,1,0,0,1,0,50,NA,NA,NA,NA,0,0
4305,0,59,0,0,1,0,0,1,0,NA,NA,NA,NA,0,0
58696,1,77,0,0,1,0,1,0,35,NA,NA,NA,NA,0,0
51489,1,72,1,0,1,0,1,0,50,NA,NA,NA,NA,0,0
55614,1,30,1,1,0,0,1,0,0,NA,NA,NA,NA,0,0
5992,1,21,1,0,1,0,1,0,100,NA,NA,NA,NA,0,0
31206,1,73,1,0,1,0,0,0,50,NA,NA,NA,NA,0,0
30842,0,31,1,0,0,1,1,0,100,NA,NA,NA,NA,0,0
54401,0,20,1,0,0,1,1,0,50,NA,NA,NA,NA,0,0
60177,0,41,0,1,0,0,1,0,100,100,100,100,3,1,1
8593,1,17,1,0,1,0,1,0,83,NA,NA,NA,NA,0,0
26113,1,16,0,0,1,0,1,0,88,NA,NA,NA,NA,0,0
17492,0,51,1,0,1,0,1,0,50,100,NA,50,3,1,1
50882,0,24,0,0,1,0,1,0,79,51,71,50,0,1,1
67232,1,60,1,1,0,0,1,0,100,NA,NA,NA,NA,0,0
18877,0,47,1,1,0,0,1,0,50,97,91,85,-1,1,1
68043,1,30,1,0,0,1,0,1,0,49,22,16,-3,1,1
3312,1,59,1,0,1,0,0,0,18,NA,70,NA,NA,0,0
12682,1,67,0,0,0,1,0,0,50,NA,NA,NA,NA,0,0
47681,0,23,0,0,1,0,0,0,45,51,50,50,0,1,1
31888,0,20,1,0,1,0,0,0,85,68,74,50,2,1,1
13138,1,53,0,0,1,0,1,0,50,NA,61,50,3,0,1
64101,1,64,1,0,1,0,0,0,50,NA,NA,NA,NA,0,0
40974,0,29,1,0,1,0,1,0,74,NA,NA,NA,NA,0,0
66589,1,38,1,1,0,0,1,0,60,NA,NA,NA,NA,0,0
18967,1,62,0,0,0,1,1,0,50,NA,NA,NA,NA,0,0
58836,1,32,1,0,1,0,1,0,80,NA,NA,NA,NA,0,0
56974,1,42,1,0,0,1,1,0,19,NA,NA,NA,NA,0,0
59182,0,63,1,0,0,1,0,0,52,NA,NA,NA,NA,0,0
33061,0,68,1,1,0,0,1,0,43,NA,NA,NA,NA,0,0
59362,0,35,1,0,0,1,0,1,50,NA,NA,NA,NA,0,0
62197,0,71,1,1,0,0,1,0,0,NA,NA,NA,NA,0,0
12615,0,18,1,1,0,0,1,0,100,NA,NA,NA,NA,0,0
44159,0,26,1,1,0,0,1,0,100,NA,NA,NA,NA,0,0
22294,0,22,1,0,1,0,0,0,0,NA,NA,NA,NA,0,0
21156,0,19,1,0,1,0,0,0,23,NA,NA,NA,NA,0,0
48298,0,56,1,0,0,1,1,0,50,50,50,50,0,1,1
4014,1,84,1,0,1,0,0,1,50,NA,NA,NA,NA,0,0
67247,1,25,1,0,1,0,1,0,100,96,50,50,2,1,1
911,1,19,0,0,1,0,0,0,80,79,80,80,3,1,1
48532,0,31,1,0,1,0,0,1,25,NA,NA,NA,NA,0,0
65370,0,54,1,1,0,0,1,0,50,NA,NA,NA,NA,0,0
49192,0,44,0,0,1,0,0,1,38,NA,NA,NA,NA,0,0
53953,0,43,1,0,1,0,0,1,49,NA,NA,NA,NA,0,0
18146,1,68,1,0,0,0,1,0,50,NA,NA,NA,NA,0,0
13451,1,32,1,1,0,0,0,0,100,NA,NA,NA,NA,0,0
2735,0,61,1,1,0,0,1,0,1,NA,NA,NA,NA,0,0
46952,0,43,1,1,0,0,1,0,100,NA,NA,NA,NA,0,0
23412,1,59,0,0,0,1,0,0,50,NA,NA,NA,NA,0,0
49596,1,63,1,0,1,0,0,0,30,NA,NA,NA,NA,0,0
14269,1,48,1,0,1,0,0,0,50,NA,NA,NA,NA,0,0
36738,1,39,1,1,0,0,1,0,100,NA,NA,NA,NA,0,0
39021,1,49,0,0,1,0,0,1,50,NA,NA,NA,NA,0,0
54914,1,39,1,0,1,0,0,0,50,NA,NA,NA,NA,0,0
61098,0,60,1,1,0,0,1,0,11,NA,NA,NA,NA,0,0
35134,0,35,0,0,1,0,1,0,100,NA,NA,NA,NA,0,0
44398,0,18,1,1,0,0,0,0,50,NA,NA,NA,NA,0,0
64864,0,45,1,1,0,0,0,0,7,NA,NA,NA,NA,0,0
17788,0,48,1,1,0,0,1,0,50,50,80,50,0,1,1
23813,0,72,1,0,0,1,1,0,49,NA,NA,NA,NA,0,0
49468,1,66,1,1,0,0,0,0,50,NA,NA,NA,NA,0,0
52059,1,34,0,1,0,0,1,0,100,NA,NA,NA,NA,0,0
40481,0,65,0,0,1,0,0,0,50,NA,NA,NA,NA,0,0
36878,0,28,1,1,0,0,1,0,50,50,50,100,3,1,1
31457,0,53,1,1,0,0,1,0,50,100,100,100,2,1,1
2193,0,51,0,0,1,0,0,1,50,NA,NA,NA,NA,0,0
49890,1,43,1,0,1,0,0,1,0,NA,NA,NA,NA,0,0
66731,1,43,0,0,1,0,0,1,0,NA,NA,NA,NA,0,0
5448,1,58,1,0,1,0,0,0,0,100,50,100,3,1,1
13766,0,32,1,1,0,0,1,0,50,NA,NA,NA,NA,0,0
41658,1,33,0,0,1,0,0,0,100,NA,NA,NA,NA,0,0
49935,0,44,0,0,1,0,0,0,0,NA,NA,NA,NA,0,0
46175,0,40,1,0,1,0,0,1,50,50,50,50,3,1,1
53728,0,41,0,0,1,0,0,0,100,51,69,50,3,1,1
20337,0,68,1,0,1,0,0,1,100,64,50,50,2,1,1
37983,1,35,1,1,0,0,1,0,50,NA,NA,NA,NA,0,0
35600,0,25,1,1,0,0,1,0,10,NA,NA,NA,NA,0,0
3939,0,19,0,1,0,0,1,0,7,NA,NA,NA,NA,0,0
14931,1,56,1,1,0,0,1,0,50,50,56,59,0,1,1
1933,1,66,1,0,0,1,1,0,100,NA,NA,NA,NA,0,0
53437,1,42,0,0,0,1,0,1,100,NA,NA,NA,NA,0,0
9145,0,34,0,1,0,0,1,0,15,NA,NA,NA,NA,0,0
8098,0,50,0,0,0,1,1,0,50,50,50,NA,NA,1,0
22469,0,51,0,0,1,0,0,1,50,50,50,50,0,1,1
5301,0,19,1,0,1,0,0,1,9,30,NA,19,-3,1,1
28319,0,64,1,1,0,0,1,0,0,NA,NA,NA,NA,0,0
32321,0,44,0,1,0,0,1,0,0,NA,NA,NA,NA,0,0
48663,0,50,1,1,0,0,1,0,81,NA,NA,NA,NA,0,0
50380,1,53,1,1,0,0,1,0,33,NA,NA,NA,NA,0,0
20673,0,41,1,0,0,1,0,1,5,37,50,38,0,1,1
47290,0,19,1,0,0,1,0,1,45,50,46,45,0,1,1
43121,0,55,1,1,0,0,1,0,50,NA,NA,NA,NA,0,0
38269,0,60,0,1,0,0,0,0,61,NA,NA,NA,NA,0,0
6498,0,23,0,1,0,0,1,0,50,23,27,20,1,1,1
47510,0,70,0,1,0,0,1,0,50,93,21,34,1,1,1
49455,0,51,1,1,0,0,1,0,50,20,18,38,1,1,1
43968,1,32,0,1,0,0,1,0,50,50,50,NA,NA,1,0
14534,1,53,1,1,0,0,1,0,0,NA,NA,NA,NA,0,0
8475,1,23,1,0,1,0,0,0,50,NA,NA,NA,NA,0,0
39403,1,36,1,1,0,0,1,0,50,NA,NA,NA,NA,0,0
50143,0,66,0,0,1,0,1,0,0,NA,NA,NA,NA,0,0
20551,1,24,0,1,0,0,1,0,50,NA,NA,NA,NA,0,0
33154,1,55,1,1,0,0,1,0,50,NA,NA,NA,NA,0,0
54857,1,22,0,1,0,0,1,0,35,NA,NA,NA,NA,0,0
57166,1,59,1,0,1,0,1,0,50,NA,NA,NA,NA,0,0
17002,1,40,1,1,0,0,1,0,100,NA,NA,NA,NA,0,0
15915,0,25,1,0,1,0,0,0,0,NA,NA,NA,NA,0,0
37909,1,20,1,0,1,0,0,0,60,NA,NA,NA,NA,0,0
66911,0,58,0,1,0,0,1,0,34,NA,NA,NA,NA,0,0
2069,0,71,0,0,0,1,1,0,82,50,75,50,2,1,1
7087,1,39,1,0,1,0,0,0,0,NA,NA,NA,NA,0,0
22957,1,42,0,1,0,0,0,0,49,NA,NA,NA,NA,0,0
6600,0,23,0,1,0,0,0,0,96,NA,NA,NA,NA,0,0
29572,1,58,0,0,1,0,0,0,5,NA,NA,NA,NA,0,0
44959,1,28,1,0,1,0,0,0,4,NA,NA,NA,NA,0,0
22461,1,37,0,1,0,0,1,0,43,73,69,64,3,1,1
15736,0,23,1,0,0,1,0,0,50,50,NA,NA,NA,1,0
62091,0,49,0,1,0,0,1,0,90,61,60,82,3,1,1
13369,0,29,1,1,0,0,1,0,50,75,NA,NA,NA,1,0
6289,1,45,1,0,1,0,0,0,0,0,0,0,-3,1,1
17396,1,52,1,1,0,0,1,0,70,85,92,90,3,1,1
38254,1,20,0,1,0,0,1,0,100,50,83,100,3,1,1
4597,1,73,0,1,0,0,1,0,86,50,0,30,1,1,1
2896,1,63,0,1,0,0,1,0,0,NA,NA,NA,NA,0,0
34593,1,30,1,1,0,0,1,0,6,NA,NA,NA,NA,0,0
39518,0,31,1,0,1,0,0,0,100,NA,NA,NA,NA,0,0
64012,0,30,1,0,1,0,0,0,45,NA,NA,NA,NA,0,0
36765,0,77,0,0,0,1,1,0,100,NA,NA,NA,NA,0,0
3995,0,67,1,0,0,1,1,0,90,NA,NA,NA,NA,0,0
17037,0,29,1,0,0,1,0,0,11,NA,NA,NA,NA,0,0
61425,1,19,0,1,0,0,1,0,19,NA,NA,NA,NA,0,0
49346,0,21,1,1,0,0,1,0,63,NA,NA,NA,NA,0,0
14593,1,27,0,0,1,0,1,0,0,NA,NA,NA,NA,0,0
5215,1,37,1,1,0,0,1,0,50,22,50,20,-3,1,1
56915,1,19,0,1,0,0,0,0,50,27,8,19,0,1,1
46637,1,55,0,1,0,0,1,0,50,NA,NA,NA,NA,0,0
33892,0,43,1,0,1,0,1,0,50,NA,NA,NA,NA,0,0
2766,0,57,0,0,1,0,0,0,50,NA,NA,NA,NA,0,0
39849,1,65,0,0,0,1,1,0,65,NA,NA,NA,NA,0,0
53625,1,46,0,0,0,1,1,0,79,NA,NA,NA,NA,0,0
56474,1,54,0,0,0,1,1,0,90,NA,NA,NA,NA,0,0
7420,0,73,0,1,0,0,1,0,50,NA,NA,NA,NA,0,0
48816,0,24,1,1,0,0,1,0,90,NA,NA,NA,NA,0,0
46768,0,20,0,1,0,0,1,0,0,NA,NA,NA,NA,0,0
40840,0,66,0,0,0,1,0,0,50,NA,NA,NA,NA,0,0
53785,1,20,0,0,1,0,1,0,93,NA,NA,NA,NA,0,0
33499,0,19,0,1,0,0,1,0,100,NA,NA,NA,NA,0,0
31467,0,44,0,0,1,0,0,1,50,NA,NA,NA,NA,0,0
23199,1,63,0,1,0,0,1,0,50,NA,NA,NA,NA,0,0
63273,1,22,1,1,0,0,0,0,50,NA,NA,NA,NA,0,0
57703,1,25,0,1,0,0,1,0,50,100,100,78,3,1,1
64886,0,66,1,0,0,1,0,1,100,NA,NA,NA,NA,0,0
38416,1,48,0,0,0,1,1,0,50,50,53,50,0,1,1
4157,1,57,1,0,0,1,1,0,50,50,50,50,0,1,1
28922,1,58,0,0,0,1,1,0,100,NA,NA,NA,NA,0,0
23973,0,65,0,1,0,0,1,0,50,93,NA,53,3,1,1
44808,0,21,0,1,0,0,1,0,50,NA,NA,NA,NA,0,0
62267,0,43,1,1,0,0,1,0,50,NA,NA,NA,NA,0,0
17848,0,58,1,1,0,0,1,0,51,50,50,50,2,1,1
19319,0,21,1,1,0,0,0,0,50,86,50,50,2,1,1
49986,1,63,1,1,0,0,1,0,50,NA,NA,NA,NA,0,0
26257,1,64,1,1,0,0,1,0,50,NA,NA,NA,NA,0,0
13947,1,73,1,1,0,0,1,0,0,20,30,30,2,1,1
47206,1,53,1,1,0,0,1,0,0,20,25,30,2,1,1
1897,0,61,1,1,0,0,1,0,100,NA,NA,NA,NA,0,0
3162,0,37,1,1,0,0,1,0,85,NA,NA,NA,NA,0,0
64874,1,22,0,0,1,0,1,0,50,NA,NA,NA,NA,0,0
59121,1,55,1,1,0,0,1,0,100,NA,NA,NA,NA,0,0
55805,1,33,1,1,0,0,1,0,50,NA,NA,NA,NA,0,0
4979,0,72,1,1,0,0,1,0,50,NA,NA,NA,NA,0,0
42735,1,19,1,1,0,0,1,0,50,NA,NA,NA,NA,0,0
37523,1,38,1,1,0,0,1,0,50,NA,NA,NA,NA,0,0
54572,0,34,1,1,0,0,0,0,9,NA,NA,NA,NA,0,0
41799,0,38,0,1,0,0,1,0,0,NA,NA,NA,NA,0,0
51092,0,46,0,1,0,0,1,0,39,NA,NA,NA,NA,0,0
34989,0,45,1,1,0,0,0,0,100,NA,NA,NA,NA,0,0
6141,1,70,1,1,0,0,1,0,50,NA,NA,NA,NA,0,0
3705,1,38,1,1,0,0,0,0,50,NA,NA,NA,NA,0,0
41484,1,19,0,1,0,0,1,0,50,19,50,50,0,1,1
13023,1,30,0,0,0,1,1,0,50,NA,NA,NA,NA,0,0
64250,0,66,1,1,0,0,1,0,36,NA,NA,NA,NA,0,0
8612,1,75,1,1,0,0,1,0,50,NA,NA,NA,NA,0,0
21937,0,56,1,1,0,0,1,0,11,NA,NA,NA,NA,0,0
32685,1,20,1,1,0,0,1,0,100,NA,NA,NA,NA,0,0
26467,1,68,1,1,0,0,1,0,0,NA,NA,NA,NA,0,0
56252,1,45,1,1,0,0,1,0,46,NA,NA,NA,NA,0,0
50658,1,45,1,1,0,0,1,0,100,0,NA,NA,NA,1,0
59129,1,19,1,1,0,0,1,0,100,100,NA,NA,NA,1,0
29650,0,69,1,1,0,0,1,0,50,NA,NA,NA,NA,0,0
14885,0,77,0,1,0,0,1,0,50,NA,NA,NA,NA,0,0
51219,1,24,1,1,0,0,1,0,50,100,90,50,3,1,1
35422,1,30,0,0,0,0,1,0,0,51,50,17,0,1,1
57033,1,41,1,1,0,0,1,0,50,100,50,50,0,1,1
25395,0,66,1,1,0,0,0,0,100,NA,85,NA,NA,0,0
27954,0,71,1,1,0,0,1,0,50,50,50,50,0,1,1
15979,0,35,1,1,0,0,1,0,50,50,50,50,0,1,1
26652,0,32,1,1,0,0,1,0,50,NA,NA,NA,NA,0,0
34479,0,56,1,1,0,0,1,0,100,NA,NA,NA,NA,0,0
38276,0,61,0,1,0,0,1,0,50,NA,NA,NA,NA,0,0
35048,0,21,1,1,0,0,0,0,50,NA,NA,NA,NA,0,0
11247,0,18,0,1,0,0,1,0,73,NA,NA,NA,NA,0,0
21335,0,21,1,0,1,0,1,0,80,NA,NA,NA,NA,0,0
50504,0,53,0,0,1,0,0,0,40,NA,NA,NA,NA,0,0
8530,0,39,1,0,1,0,0,0,37,NA,NA,NA,NA,0,0
13663,1,36,0,1,0,0,1,0,80,NA,NA,NA,NA,0,0
22443,0,35,1,0,1,0,0,0,50,NA,NA,NA,NA,0,0
33432,0,65,1,1,0,0,1,0,30,35,30,30,0,1,1
33539,0,24,1,0,1,0,0,0,50,40,43,46,0,1,1
65558,0,52,1,1,0,0,1,0,50,NA,NA,NA,NA,0,0
33178,0,27,0,1,0,0,1,0,100,NA,NA,NA,NA,0,0
8186,0,89,1,0,1,0,1,0,50,50,50,50,-2,1,1
32361,0,18,1,0,0,1,0,0,50,50,50,50,-2,1,1
13394,0,24,0,0,0,1,0,0,50,20,50,50,0,1,1
22014,1,36,1,0,1,0,0,1,5,NA,NA,NA,NA,0,0
34535,1,64,1,1,0,0,1,0,83,74,97,78,3,1,1
55772,1,45,0,1,0,0,1,0,50,NA,NA,NA,NA,0,0
16477,1,20,1,1,0,0,1,0,36,55,50,42,2,1,1
22270,1,58,1,0,0,1,1,0,50,NA,NA,NA,NA,0,0
27651,0,49,0,1,0,0,1,0,50,NA,NA,NA,NA,0,0
23995,0,56,0,1,0,0,1,0,40,50,NA,NA,NA,1,0
11535,0,55,1,1,0,0,1,0,50,50,50,NA,NA,1,0
32841,0,61,1,1,0,0,1,0,1,NA,NA,NA,NA,0,0
54120,0,20,0,1,0,0,1,0,100,NA,NA,NA,NA,0,0
47318,1,50,0,1,0,0,0,0,51,NA,NA,NA,NA,0,0
57669,1,49,1,1,0,0,1,0,50,NA,NA,NA,NA,0,0
61582,0,67,0,0,0,1,1,0,96,61,84,79,3,1,1
49845,0,24,1,0,0,1,1,0,50,66,78,60,2,1,1
33661,1,33,0,0,1,0,1,0,0,0,3,20,2,1,1
19431,0,35,0,0,1,0,0,0,50,NA,NA,NA,NA,0,0
35714,1,24,1,0,1,0,1,0,50,NA,NA,NA,NA,0,0
65915,0,35,1,0,0,0,1,0,100,NA,NA,NA,NA,0,0
8304,0,27,0,0,1,0,1,0,50,NA,NA,NA,NA,0,0
32406,0,65,1,1,0,0,1,0,24,3,50,NA,NA,1,0
17322,0,26,1,1,0,0,1,0,29,12,25,NA,NA,1,0
479,1,52,0,0,1,0,0,1,0,0,0,5,-3,1,1
62675,1,85,1,0,1,0,0,1,0,0,0,0,-3,1,1
18663,1,33,1,1,0,0,1,0,100,NA,NA,NA,NA,0,0
38042,0,46,1,0,1,0,0,1,100,NA,NA,NA,NA,0,0
20942,0,52,0,0,1,0,0,1,77,NA,NA,NA,NA,0,0
61488,1,47,0,0,1,0,0,1,50,NA,NA,NA,NA,0,0
12965,1,36,1,0,1,0,1,0,50,50,82,50,-1,1,1
35852,1,19,0,1,0,0,1,0,42,50,50,50,2,1,1
29793,1,22,1,1,0,0,0,0,62,79,58,66,1,1,1
53033,1,51,1,1,0,0,1,0,76,50,NA,NA,NA,1,0
1635,1,26,1,0,1,0,1,0,50,50,100,64,3,1,1
55642,1,68,0,1,0,0,1,0,0,NA,NA,NA,NA,0,0
46386,1,73,1,1,0,0,1,0,0,NA,NA,NA,NA,0,0
13383,0,58,0,0,1,0,0,1,50,50,50,50,-2,1,1
45044,0,42,1,1,0,0,0,0,50,NA,NA,NA,NA,0,0
28750,0,45,0,1,0,0,1,0,90,53,53,50,0,1,1
50535,1,35,0,1,0,0,1,0,0,NA,NA,NA,NA,0,0
3620,0,58,1,1,0,0,1,0,50,NA,NA,NA,NA,0,0
40243,0,58,1,0,1,0,1,0,50,50,50,50,2,1,1
66951,0,26,1,0,1,0,0,0,50,100,NA,NA,NA,1,0
54324,0,26,0,1,0,0,0,0,50,NA,NA,NA,NA,0,0
15669,0,54,1,0,1,0,0,0,50,NA,NA,NA,NA,0,0
15385,0,24,0,1,0,0,0,1,26,NA,NA,NA,NA,0,0
16037,0,49,1,0,1,0,0,0,50,NA,NA,NA,NA,0,0
40590,1,29,1,0,1,0,0,1,87,NA,NA,NA,NA,0,0
36197,1,31,0,0,1,0,0,1,76,NA,NA,NA,NA,0,0
48742,1,66,1,1,0,0,1,0,63,NA,NA,NA,NA,0,0
21568,1,67,0,1,0,0,1,0,59,NA,NA,NA,NA,0,0
26705,0,30,1,0,1,0,0,1,0,NA,NA,NA,NA,0,0
137,0,66,0,0,1,0,0,1,55,NA,NA,NA,NA,0,0
2856,0,20,0,1,0,0,1,0,50,NA,40,50,0,0,1
12258,1,61,1,1,0,0,1,0,50,NA,50,NA,NA,0,0
27407,1,33,0,1,0,0,1,0,67,NA,NA,NA,NA,0,0
59150,0,51,0,1,0,0,1,0,50,50,NA,50,-2,1,1
29390,0,21,1,1,0,0,1,0,50,50,50,50,1,1,1
56420,1,55,0,0,1,0,0,1,50,NA,NA,NA,NA,0,0
49962,0,54,0,0,1,0,1,0,100,NA,NA,NA,NA,0,0
7307,1,37,1,1,0,0,0,1,50,NA,NA,NA,NA,0,0
58121,0,32,1,1,0,0,1,0,0,NA,NA,23,2,0,1
60455,0,28,1,1,0,0,1,0,50,NA,NA,NA,NA,0,0
29412,1,21,1,1,0,0,1,0,50,NA,NA,NA,NA,0,0
52308,1,32,1,0,1,0,1,0,91,100,100,96,3,1,1
55511,1,19,1,0,1,0,1,0,61,NA,NA,NA,NA,0,0
59207,1,21,1,0,1,0,1,0,56,NA,NA,NA,NA,0,0
20726,1,52,1,0,1,0,1,0,50,NA,NA,NA,NA,0,0
61874,0,23,1,1,0,0,0,0,28,NA,NA,NA,NA,0,0
23836,1,46,1,1,0,0,1,0,50,NA,NA,NA,NA,0,0
65838,1,21,1,1,0,0,0,0,100,92,73,50,2,1,1
45440,1,61,1,1,0,0,1,0,45,50,50,50,1,1,1
40214,0,64,1,1,0,0,0,0,98,NA,NA,NA,NA,0,0
7517,1,52,0,0,1,0,0,1,50,NA,NA,NA,NA,0,0
9875,0,59,1,1,0,0,1,0,50,71,50,62,2,1,1
13875,1,45,1,0,0,1,1,0,100,NA,NA,NA,NA,0,0
24156,1,58,1,0,1,0,1,0,50,NA,NA,NA,NA,0,0
14034,1,66,0,0,0,1,0,1,50,NA,NA,NA,NA,0,0
3253,0,22,1,0,1,0,1,0,100,100,100,100,3,1,1
59481,1,53,1,1,0,0,1,0,50,NA,NA,NA,NA,0,0
9539,0,54,1,0,1,0,0,0,50,NA,NA,NA,NA,0,0
34111,0,24,0,1,0,0,0,0,84,NA,80,96,2,0,1
40289,0,78,1,0,1,0,0,1,46,54,44,50,2,1,1
58137,0,31,1,0,1,0,0,0,83,73,90,79,3,1,1
51654,0,54,0,0,1,0,1,0,90,97,85,60,3,1,1
30165,0,19,0,0,1,0,0,0,100,NA,NA,NA,NA,0,0
33079,1,21,0,1,0,0,0,0,35,5,50,35,1,1,1
3980,1,42,1,1,0,0,1,0,50,74,82,75,3,1,1
55512,0,37,0,0,1,0,1,0,50,76,92,80,3,1,1
34488,0,67,0,0,1,0,0,0,0,50,50,50,0,1,1
21317,1,65,1,1,0,0,0,0,100,NA,NA,NA,NA,0,0
66699,1,46,0,0,0,1,0,0,97,NA,NA,NA,NA,0,0
2543,1,68,1,0,0,1,0,0,50,NA,NA,NA,NA,0,0
33297,1,48,1,0,0,1,0,1,50,NA,NA,NA,NA,0,0
25862,1,67,1,1,0,0,1,0,50,NA,NA,NA,NA,0,0
53660,0,54,1,0,0,0,1,0,50,NA,NA,NA,NA,0,0
5274,1,48,1,1,0,0,1,0,0,NA,NA,NA,NA,0,0
62970,1,44,1,1,0,0,1,0,50,NA,NA,NA,NA,0,0
24192,1,18,1,1,0,0,1,0,50,NA,NA,NA,NA,0,0
29882,1,56,1,1,0,0,1,0,50,50,50,52,-2,1,1
1293,1,60,0,1,0,0,1,0,59,50,50,50,0,1,1
61622,1,56,0,0,1,0,1,0,50,NA,NA,NA,NA,0,0
43070,1,21,0,0,1,0,0,0,50,NA,NA,NA,NA,0,0
8915,0,22,0,1,0,0,0,0,50,NA,NA,NA,NA,0,0
64304,0,33,0,0,0,1,1,0,0,NA,NA,NA,NA,0,0
57889,1,55,1,0,1,0,1,0,100,100,100,100,3,1,1
44971,0,78,1,0,0,1,0,1,50,NA,NA,NA,NA,0,0
3869,1,55,0,1,0,0,0,0,76,NA,NA,NA,NA,0,0
26954,1,61,0,0,1,0,0,1,24,NA,40,26,-3,0,1
59953,1,25,0,0,1,0,0,0,54,NA,27,28,2,0,1
56914,1,30,0,0,1,0,0,1,24,NA,32,13,-1,0,1
5886,1,77,0,1,0,0,1,0,50,NA,NA,NA,NA,0,0
2071,1,24,1,1,0,0,0,0,0,NA,NA,NA,NA,0,0
8793,0,67,1,1,0,0,1,0,10,NA,NA,NA,NA,0,0
2140,0,20,1,1,0,0,0,0,39,NA,NA,NA,NA,0,0
48446,0,49,0,1,0,0,1,0,0,NA,NA,NA,NA,0,0
30215,1,65,1,1,0,0,1,0,85,NA,NA,NA,NA,0,0
30055,0,42,1,0,1,0,1,0,90,NA,NA,NA,NA,0,0
23641,0,21,1,0,1,0,1,0,100,NA,NA,NA,NA,0,0
31697,1,30,1,0,1,0,0,0,100,NA,NA,NA,NA,0,0
650,1,32,0,0,1,0,1,0,100,NA,NA,NA,NA,0,0
65926,1,23,1,1,0,0,1,0,50,NA,NA,NA,NA,0,0
21492,1,48,1,1,0,0,1,0,16,NA,NA,NA,NA,0,0
26173,1,20,1,1,0,0,1,0,50,NA,NA,NA,NA,0,0
34050,0,22,1,1,0,0,1,0,50,50,NA,NA,NA,1,0
11149,0,72,0,1,0,0,1,0,50,50,NA,NA,NA,1,0
31792,0,20,1,1,0,0,1,0,100,100,NA,NA,NA,1,0
13542,1,35,1,1,0,0,1,0,50,NA,NA,NA,NA,0,0
20721,0,26,1,0,1,0,1,0,0,NA,NA,NA,NA,0,0
4756,1,59,1,1,0,0,1,0,100,NA,NA,NA,NA,0,0
6658,0,68,1,1,0,0,0,0,29,50,50,25,0,1,1
60129,0,73,0,1,0,0,0,0,16,50,50,50,3,1,1
26003,0,61,1,0,1,0,0,0,100,NA,NA,NA,NA,0,0
36581,0,50,1,0,1,0,0,0,100,NA,NA,NA,NA,0,0
58363,0,57,0,1,0,0,1,0,0,NA,NA,NA,NA,0,0
40159,0,84,1,1,0,0,1,0,0,NA,NA,NA,NA,0,0
53566,0,28,0,1,0,0,0,0,45,NA,NA,NA,NA,0,0
33326,1,56,1,0,1,0,1,0,100,NA,NA,NA,NA,0,0
44728,0,30,1,0,1,0,0,0,50,NA,NA,NA,NA,0,0
11870,1,70,0,0,0,1,0,1,50,NA,NA,NA,NA,0,0
53640,1,52,0,0,0,1,1,0,50,NA,NA,NA,NA,0,0
67559,1,53,1,0,0,1,1,0,50,NA,NA,NA,NA,0,0
456,1,19,1,0,0,1,1,0,90,NA,NA,NA,NA,0,0
44014,1,44,1,0,0,0,1,0,50,NA,NA,NA,NA,0,0
31299,0,51,0,0,0,0,0,1,50,54,50,50,3,1,1
24715,1,34,1,0,1,0,0,1,50,NA,NA,NA,NA,0,0
5945,0,59,1,0,1,0,1,0,60,NA,NA,NA,NA,0,0
6501,0,19,1,0,1,0,0,1,50,NA,NA,NA,NA,0,0
37138,0,21,0,0,1,0,1,0,50,NA,NA,NA,NA,0,0
44191,0,50,0,0,0,1,0,1,100,NA,NA,NA,NA,0,0
23576,1,40,1,0,1,0,1,0,0,8,14,34,1,1,1
33599,1,50,0,0,1,0,1,0,50,42,50,50,1,1,1
10238,0,26,0,0,0,1,0,0,50,75,80,90,2,1,1
19167,0,66,1,0,0,1,0,1,50,50,70,62,-1,1,1
58149,0,45,1,0,1,0,1,0,10,NA,NA,NA,NA,0,0
19991,1,49,1,0,1,0,0,1,50,NA,NA,NA,NA,0,0
39814,0,60,1,0,0,1,1,0,50,NA,NA,NA,NA,0,0
32697,0,31,0,0,1,0,0,0,80,NA,NA,NA,NA,0,0
39974,1,50,1,0,0,1,0,0,93,NA,NA,NA,NA,0,0
50813,1,53,0,0,0,1,0,0,50,NA,NA,NA,NA,0,0
15247,0,54,0,0,0,1,0,1,23,35,49,50,0,1,1
14476,0,68,0,0,0,1,0,1,50,43,72,55,0,1,1
27662,1,61,0,0,1,0,1,0,50,NA,NA,NA,NA,0,0
16860,0,59,1,0,1,0,0,1,0,NA,NA,NA,NA,0,0
13052,1,29,0,0,1,0,0,0,50,50,50,50,0,1,1
25157,0,66,1,0,1,0,1,0,50,NA,NA,NA,NA,0,0
51394,0,21,0,0,0,1,1,0,50,NA,NA,NA,NA,0,0
14125,0,68,0,0,1,0,1,0,0,NA,NA,NA,NA,0,0
10857,0,31,0,0,1,0,1,0,0,NA,NA,NA,NA,0,0
11613,1,69,1,0,1,0,0,1,28,NA,NA,NA,NA,0,0
23162,1,70,0,0,1,0,0,1,3,NA,NA,NA,NA,0,0
49440,0,45,1,0,1,0,0,1,20,NA,NA,NA,NA,0,0
26782,0,73,1,0,1,0,1,0,50,NA,NA,NA,NA,0,0
59363,0,35,1,0,1,0,1,0,50,NA,NA,NA,NA,0,0
8105,0,91,0,0,0,1,1,0,50,NA,NA,NA,NA,0,0
1951,1,23,0,0,1,0,0,0,50,50,50,50,1,1,1
63829,0,53,0,0,1,0,0,1,78,NA,NA,NA,NA,0,0
67448,0,52,1,0,1,0,1,0,100,NA,NA,NA,NA,0,0
14175,1,24,1,0,1,0,0,1,50,NA,NA,NA,NA,0,0
48834,1,36,1,0,1,0,0,1,50,80,75,75,2,1,1
60048,1,77,0,0,0,1,1,0,50,100,76,50,2,1,1
47235,1,78,0,0,0,1,1,0,50,NA,NA,NA,NA,0,0
44756,1,73,1,0,0,1,1,0,89,NA,NA,NA,NA,0,0
32640,1,65,0,0,0,1,0,1,50,NA,NA,NA,NA,0,0
20892,0,61,1,0,1,0,0,0,20,NA,NA,NA,NA,0,0
25961,0,32,1,0,1,0,0,0,50,NA,NA,NA,NA,0,0
12346,1,72,0,0,0,1,0,1,50,NA,NA,NA,NA,0,0
5150,1,39,1,0,1,0,0,0,100,100,100,100,3,1,1
22634,1,49,1,0,1,0,0,1,70,100,100,100,3,1,1
64151,1,63,1,0,0,1,0,1,50,NA,NA,NA,NA,0,0
2589,1,66,0,0,0,1,0,1,8,NA,NA,NA,NA,0,0
29659,1,65,1,0,1,0,0,1,31,95,73,69,2,1,1
2684,1,75,1,0,0,1,0,1,50,100,58,50,3,1,1
26318,0,73,0,0,0,1,0,1,56,NA,NA,NA,NA,0,0
47254,0,24,1,0,1,0,0,1,90,90,80,70,3,1,1
38271,1,23,0,0,1,0,1,0,100,NA,NA,NA,NA,0,0
28542,1,41,1,0,0,1,1,0,50,NA,NA,NA,NA,0,0
33787,1,46,1,0,1,0,1,0,100,NA,NA,NA,NA,0,0
32323,1,60,1,0,1,0,1,0,50,50,50,50,2,1,1
11398,1,60,1,0,0,1,1,0,50,NA,NA,NA,NA,0,0
62483,1,71,1,0,1,0,0,1,50,NA,NA,NA,NA,0,0
202,1,71,1,0,1,0,0,1,50,NA,NA,NA,NA,0,0
63200,1,49,0,0,1,0,0,1,50,NA,NA,NA,NA,0,0
10721,0,55,0,0,0,0,1,0,50,50,50,78,-1,1,1
43250,1,44,1,0,1,0,0,0,50,76,47,68,2,1,1
45217,1,69,1,0,1,0,0,0,50,94,50,100,3,1,1
27676,0,19,1,0,1,0,0,0,100,NA,NA,NA,NA,0,0
12026,0,48,0,0,1,0,0,0,50,NA,NA,NA,NA,0,0
2944,0,49,1,0,1,0,0,0,50,NA,NA,NA,NA,0,0
2727,1,57,0,0,0,1,1,0,50,NA,NA,NA,NA,0,0
22534,0,46,1,0,0,1,1,0,92,84,78,88,2,1,1
56464,0,73,0,0,1,0,0,0,33,NA,NA,NA,NA,0,0
10526,1,27,1,0,1,0,0,0,50,50,70,100,3,1,1
4646,0,23,0,0,1,0,0,0,100,NA,NA,NA,NA,0,0
1208,0,34,1,0,1,0,0,0,100,88,80,80,3,1,1
8144,0,33,0,0,1,0,0,1,0,13,98,NA,NA,1,0
11142,0,23,1,0,1,0,0,0,74,NA,NA,NA,NA,0,0
12437,0,34,1,0,1,0,0,0,78,NA,NA,NA,NA,0,0
55320,0,48,0,0,1,0,1,0,50,NA,NA,NA,NA,0,0
56256,0,74,0,0,1,0,1,0,1,NA,NA,NA,NA,0,0
44444,1,31,1,0,1,0,0,1,14,NA,NA,NA,NA,0,0
13008,1,31,0,0,1,0,0,1,50,NA,NA,NA,NA,0,0
36443,1,68,0,0,0,1,1,0,9,48,60,50,2,1,1
46113,1,71,1,0,0,1,1,0,64,76,62,70,3,1,1
19459,1,51,1,0,0,1,1,0,43,84,70,50,0,1,1
37563,0,83,0,0,1,0,0,0,68,NA,NA,NA,NA,0,0
37819,0,64,0,0,1,0,0,1,50,17,50,50,1,1,1
31638,0,58,1,0,1,0,0,1,50,NA,NA,NA,NA,0,0
62063,0,53,1,0,1,0,1,0,60,30,20,20,-1,1,1
56986,0,29,1,0,1,0,1,0,30,20,20,20,1,1,1
36325,0,51,1,0,1,0,1,0,87,NA,NA,NA,NA,0,0
10872,0,48,1,0,1,0,0,1,50,50,50,50,0,1,1
12313,0,48,0,0,0,1,0,1,50,50,50,50,0,1,1
60569,1,18,0,0,0,1,0,0,50,72,77,62,0,1,1
44443,1,39,1,0,0,1,0,0,50,50,61,87,2,1,1
52423,0,63,0,0,0,1,0,0,49,46,50,49,3,1,1
8075,1,22,1,0,0,0,1,0,41,58,60,64,3,1,1
5981,1,64,0,0,0,0,1,0,64,40,42,59,3,1,1
67819,1,19,0,0,0,0,1,0,85,83,80,67,3,1,1
8731,0,23,0,0,1,0,0,0,100,100,90,96,3,1,1
59179,0,50,0,0,0,1,0,0,94,82,90,83,2,1,1
34803,1,71,1,0,1,0,0,1,50,NA,NA,NA,NA,0,0
20503,1,45,1,0,1,0,0,1,50,NA,NA,NA,NA,0,0
49536,1,48,0,0,1,0,0,0,50,NA,NA,NA,NA,0,0
66796,1,29,0,0,1,0,0,1,50,NA,NA,NA,NA,0,0
33484,1,25,0,0,1,0,1,0,100,NA,NA,NA,NA,0,0
64948,0,44,1,0,0,1,0,1,50,50,96,81,3,1,1
9402,1,57,1,0,1,0,1,0,0,50,50,NA,NA,1,0
66379,1,58,1,0,1,0,1,0,51,100,100,100,3,1,1
31545,0,77,1,0,1,0,0,1,90,0,NA,NA,NA,1,0
25857,1,63,0,0,1,0,0,0,0,0,0,0,-3,1,1
14660,1,77,1,0,1,0,0,0,0,0,0,0,-3,1,1
16737,0,70,1,0,1,0,0,1,50,50,50,50,1,1,1
27808,1,21,1,0,0,1,0,0,91,NA,NA,NA,NA,0,0
16317,1,54,1,0,1,0,0,1,80,NA,NA,NA,NA,0,0
39815,1,59,1,0,1,0,0,1,50,NA,NA,NA,NA,0,0
10207,1,90,1,0,0,1,1,0,50,50,50,50,-2,1,1
30818,1,26,1,0,1,0,0,0,50,50,41,50,0,1,1
7317,1,68,1,0,1,0,0,1,50,NA,NA,NA,NA,0,0
52810,1,52,1,0,0,1,0,1,50,NA,NA,NA,NA,0,0
18244,0,66,0,0,0,1,0,1,50,NA,NA,NA,NA,0,0
68024,0,67,1,0,1,0,0,1,20,0,13,36,2,1,1
48400,1,70,0,0,1,0,0,1,50,50,50,50,3,1,1
44893,0,48,0,0,1,0,1,0,41,NA,NA,NA,NA,0,0
7744,0,49,1,0,1,0,1,0,50,NA,NA,NA,NA,0,0
59071,0,73,1,0,1,0,1,0,86,NA,NA,NA,NA,0,0
30092,0,48,1,0,1,0,1,0,45,NA,NA,NA,NA,0,0
50130,0,56,1,0,1,0,0,1,91,NA,NA,NA,NA,0,0
22883,1,81,0,0,1,0,0,1,47,50,50,51,1,1,1
19030,1,60,1,0,1,0,0,0,50,50,50,48,1,1,1
55583,1,55,1,0,1,0,0,1,14,3,10,30,-2,1,1
6738,1,63,0,0,1,0,0,1,24,0,10,10,-3,1,1
18495,0,24,0,0,1,0,0,1,50,NA,NA,NA,NA,0,0
60222,1,29,0,0,1,0,1,0,12,NA,NA,NA,NA,0,0
11157,0,57,1,0,1,0,0,1,37,41,38,50,1,1,1
13658,0,22,0,0,1,0,0,0,100,NA,NA,NA,NA,0,0
9011,0,67,0,0,1,0,0,1,88,90,90,97,3,1,1
41325,0,52,0,0,0,1,0,0,12,27,36,15,1,1,1
15921,0,63,1,0,0,1,1,0,37,39,33,50,0,1,1
53676,0,50,1,0,1,0,1,0,100,NA,NA,NA,NA,0,0
25709,1,66,0,0,1,0,0,0,60,NA,NA,NA,NA,0,0
53834,0,20,1,0,1,0,0,1,100,100,100,100,3,1,1
40680,0,47,1,0,1,0,0,1,50,NA,95,50,3,0,1
68177,0,40,1,0,1,0,0,0,100,100,100,100,0,1,1
60140,1,43,0,0,0,1,0,0,50,50,50,50,2,1,1
16013,1,40,1,0,1,0,0,0,50,86,70,86,2,1,1
2446,0,72,1,0,0,1,0,1,50,NA,NA,NA,NA,0,0
8560,1,60,0,0,1,0,1,0,27,15,NA,NA,NA,1,0
65641,0,21,0,0,0,1,0,0,65,71,54,56,2,1,1
41543,0,59,0,0,0,1,1,0,50,0,50,50,2,1,1
54167,1,62,1,0,0,1,0,1,50,50,NA,NA,NA,1,0
1328,0,38,0,0,1,0,1,0,0,NA,NA,NA,NA,0,0
9801,0,29,1,0,0,1,1,0,100,NA,NA,NA,NA,0,0
45204,1,45,1,0,1,0,0,1,48,NA,NA,NA,NA,0,0
24918,1,52,0,0,1,0,0,0,50,NA,NA,NA,NA,0,0
5903,1,20,0,0,1,0,1,0,100,NA,NA,NA,NA,0,0
55380,1,21,1,0,1,0,1,0,93,NA,NA,NA,NA,0,0
26465,0,57,1,0,1,0,0,0,45,50,50,72,2,1,1
42237,0,56,0,0,1,0,1,0,50,NA,NA,NA,NA,0,0
64104,0,58,1,0,0,1,1,0,50,NA,NA,NA,NA,0,0
20679,1,41,1,0,1,0,0,1,71,93,93,87,3,1,1
47837,1,25,0,0,1,0,0,0,50,NA,NA,NA,NA,0,0
33801,1,22,0,0,1,0,0,0,50,NA,NA,NA,NA,0,0
18537,1,42,1,0,1,0,0,1,50,NA,NA,NA,NA,0,0
58844,1,22,0,0,1,0,0,0,50,NA,NA,NA,NA,0,0
43923,0,75,0,0,1,0,0,1,50,64,50,50,2,1,1
293,0,80,1,0,1,0,0,1,86,31,100,96,3,1,1
50390,0,38,1,0,1,0,0,0,50,NA,NA,NA,NA,0,0
1107,1,78,0,0,1,0,0,1,50,NA,NA,NA,NA,0,0
5349,1,57,1,0,0,1,1,0,50,NA,NA,NA,NA,0,0
53971,0,69,1,0,0,1,1,0,100,NA,NA,NA,NA,0,0
66100,0,35,1,0,1,0,1,0,100,50,62,NA,NA,1,0
6310,1,60,1,0,0,1,1,0,50,NA,NA,NA,NA,0,0
50183,1,67,0,0,1,0,0,1,50,NA,NA,NA,NA,0,0
11391,0,51,1,0,1,0,0,1,50,50,50,50,1,1,1
28515,0,30,1,0,1,0,0,0,50,50,50,50,0,1,1
65524,0,38,1,0,1,0,0,1,50,NA,NA,NA,NA,0,0
67851,1,47,1,0,1,0,0,1,10,NA,NA,NA,NA,0,0
62509,1,20,1,0,1,0,0,0,50,NA,NA,NA,NA,0,0
15745,1,63,1,0,0,1,1,0,50,NA,NA,NA,NA,0,0
35106,0,27,1,0,1,0,0,0,100,NA,NA,NA,NA,0,0
42317,1,20,1,0,1,0,1,0,85,79,83,87,3,1,1
34654,0,75,0,0,1,0,0,1,50,NA,NA,NA,NA,0,0
63142,1,43,0,0,1,0,1,0,76,83,85,69,2,1,1
18181,1,53,1,0,1,0,1,0,100,NA,NA,NA,NA,0,0
21287,1,33,0,0,1,0,1,0,60,NA,NA,NA,NA,0,0
33147,1,21,1,0,1,0,0,1,50,NA,NA,NA,NA,0,0
51553,1,57,0,0,0,1,1,0,100,NA,NA,NA,NA,0,0
32414,1,66,0,0,1,0,0,1,50,NA,NA,NA,NA,0,0
61665,1,39,0,0,1,0,1,0,75,80,NA,NA,NA,1,0
10634,1,53,1,0,1,0,0,0,91,NA,NA,NA,NA,0,0
1366,1,56,0,0,1,0,0,1,100,NA,NA,NA,NA,0,0
27410,1,57,1,0,1,0,1,0,72,NA,NA,NA,NA,0,0
31191,1,31,0,0,1,0,1,0,89,NA,NA,NA,NA,0,0
46630,1,26,0,0,1,0,1,0,61,NA,NA,NA,NA,0,0
42790,1,90,1,0,1,0,0,0,0,NA,NA,NA,NA,0,0
26717,0,19,0,0,1,0,0,0,0,NA,NA,NA,NA,0,0
51429,0,73,1,0,1,0,0,0,50,NA,NA,NA,NA,0,0
10559,1,69,0,0,1,0,1,0,61,NA,NA,NA,NA,0,0
12080,1,63,1,0,1,0,1,0,100,NA,NA,NA,NA,0,0
16126,0,49,1,0,0,1,1,0,50,NA,NA,NA,NA,0,0
46600,0,65,1,0,0,1,1,0,80,NA,NA,NA,NA,0,0
9452,1,27,1,0,1,0,0,1,50,NA,NA,NA,NA,0,0
13539,1,65,1,0,0,1,0,1,10,NA,NA,NA,NA,0,0
14811,0,33,1,0,1,0,0,1,50,NA,NA,NA,NA,0,0
61724,0,44,1,0,1,0,1,0,52,NA,NA,NA,NA,0,0
14218,1,47,1,0,1,0,1,0,100,NA,NA,NA,NA,0,0
38471,1,21,0,0,1,0,0,0,100,NA,100,NA,NA,0,0
60238,1,53,0,0,1,0,0,1,50,NA,NA,NA,NA,0,0
53669,1,46,1,0,1,0,1,0,50,NA,NA,NA,NA,0,0
30237,0,73,0,0,1,0,0,1,50,NA,NA,NA,NA,0,0
51033,0,71,1,0,1,0,0,1,50,NA,NA,NA,NA,0,0
10124,1,46,0,0,0,1,1,0,88,NA,NA,NA,NA,0,0
57821,1,52,1,0,1,0,1,0,50,NA,NA,NA,NA,0,0
30705,0,22,0,0,1,0,0,0,46,64,67,60,3,1,1
18893,0,54,1,0,1,0,1,0,70,NA,NA,NA,NA,0,0
19910,0,85,1,0,0,1,1,0,50,NA,NA,NA,NA,0,0
28784,0,37,1,0,1,0,1,0,82,NA,NA,NA,NA,0,0
53819,0,42,1,0,1,0,0,0,59,NA,NA,NA,NA,0,0
24962,0,27,1,0,1,0,1,0,50,NA,NA,NA,NA,0,0
6420,1,38,1,0,1,0,0,1,50,50,NA,NA,NA,1,0
63392,1,70,0,0,1,0,0,1,0,13,0,0,-3,1,1
61920,1,59,1,0,1,0,0,1,52,50,3,0,0,1,1
60577,1,33,1,0,0,1,0,0,89,90,87,97,3,1,1
68345,1,32,0,0,0,1,0,0,50,50,50,40,0,1,1
47648,1,36,1,0,0,1,0,0,100,NA,NA,NA,NA,0,0
28102,1,50,0,0,1,0,0,1,65,NA,NA,NA,NA,0,0
66034,1,34,0,0,1,0,0,1,50,NA,NA,NA,NA,0,0
64801,1,25,1,0,0,1,0,0,50,NA,NA,NA,NA,0,0
20405,1,73,0,0,1,0,0,1,0,0,0,0,-3,1,1
51288,1,67,1,0,1,0,1,0,50,NA,NA,NA,NA,0,0
6741,1,64,0,0,1,0,1,0,52,NA,NA,NA,NA,0,0
39786,1,20,1,0,1,0,0,0,5,0,0,NA,NA,1,0
51102,1,54,0,0,1,0,0,0,0,0,0,NA,NA,1,0
17331,1,54,1,0,1,0,0,0,3,NA,NA,NA,NA,0,0
15434,1,39,1,0,1,0,0,1,50,NA,NA,NA,NA,0,0
36736,0,55,1,0,0,1,1,0,96,89,96,93,3,1,1
33710,0,60,0,0,1,0,0,0,50,50,60,78,2,1,1
20158,1,67,0,0,0,1,1,0,60,70,61,50,2,1,1
20029,0,21,1,0,1,0,0,1,32,NA,NA,NA,NA,0,0
60987,0,38,1,0,1,0,1,0,50,NA,NA,NA,NA,0,0
55434,0,70,1,0,1,0,1,0,54,NA,NA,NA,NA,0,0
59473,1,74,0,0,0,1,0,1,0,50,29,50,1,1,1
28005,1,48,1,0,1,0,0,0,50,81,83,83,3,1,1
25821,1,50,0,0,1,0,1,0,20,52,50,50,2,1,1
67999,1,40,0,0,1,0,0,0,50,100,100,100,3,1,1
11323,1,46,1,0,1,0,0,1,50,100,88,100,3,1,1
20275,1,53,0,0,1,0,1,0,83,NA,NA,NA,NA,0,0
41168,1,20,0,0,1,0,0,1,73,NA,NA,NA,NA,0,0
18885,1,51,0,0,1,0,0,1,0,NA,NA,NA,NA,0,0
27756,1,34,1,0,1,0,0,1,50,NA,NA,NA,NA,0,0
36643,0,53,1,0,0,1,1,0,42,NA,NA,NA,NA,0,0
6906,0,30,0,0,1,0,1,0,100,NA,NA,NA,NA,0,0
41904,0,34,0,0,0,1,1,0,100,NA,NA,NA,NA,0,0
8234,1,74,0,0,0,1,1,0,50,96,50,91,3,1,1
38121,1,40,0,0,1,0,0,0,50,NA,NA,NA,NA,0,0
46683,0,29,0,0,1,0,0,1,63,NA,NA,NA,NA,0,0
12193,0,32,1,0,1,0,0,1,100,NA,NA,NA,NA,0,0
61486,0,64,0,0,1,0,1,0,50,NA,NA,NA,NA,0,0
47547,1,26,1,0,1,0,0,1,93,100,100,100,3,1,1
6253,0,54,1,0,1,0,0,1,50,50,NA,50,2,1,1
65825,1,44,0,0,0,1,0,0,80,75,90,85,2,1,1
18505,1,78,1,0,0,1,1,0,50,50,50,50,0,1,1
15173,1,79,0,0,0,1,1,0,50,50,50,50,1,1,1
18190,0,79,1,0,1,0,0,1,21,50,50,45,0,1,1
33741,0,39,1,0,0,1,0,0,50,50,50,55,3,1,1
48214,0,52,1,0,1,0,0,0,42,NA,NA,NA,NA,0,0
23534,0,62,0,0,1,0,1,0,4,NA,NA,NA,NA,0,0
29283,0,33,0,0,1,0,0,0,16,NA,NA,NA,NA,0,0
48485,0,22,1,0,1,0,1,0,96,NA,NA,NA,NA,0,0
41899,0,36,1,0,1,0,0,0,50,NA,NA,NA,NA,0,0
9597,1,58,0,0,1,0,0,1,50,44,50,40,1,1,1
66738,1,49,1,0,1,0,0,0,52,50,82,50,3,1,1
42173,1,19,1,0,1,0,0,0,65,60,90,80,3,1,1
57059,0,43,1,0,1,0,1,0,100,NA,NA,NA,NA,0,0
57113,0,49,0,0,0,1,1,0,100,NA,NA,NA,NA,0,0
26896,1,27,1,0,1,0,0,0,100,100,100,100,3,1,1
9284,1,68,0,0,1,0,0,0,50,100,100,50,3,1,1
23032,1,66,0,0,1,0,0,0,50,NA,50,50,1,0,1
17123,1,43,0,0,1,0,1,0,50,NA,50,50,2,0,1
60764,1,42,1,0,0,1,0,0,50,50,50,50,3,1,1
36560,0,45,1,0,1,0,0,1,50,71,NA,85,1,1,1
67389,0,19,0,0,1,0,0,1,100,85,NA,NA,NA,1,0
35590,0,82,1,0,1,0,0,1,50,50,41,NA,NA,1,0
40062,1,51,1,0,1,0,1,0,50,NA,NA,NA,NA,0,0
44695,1,72,1,0,1,0,1,0,50,NA,NA,NA,NA,0,0
58087,1,72,0,0,0,1,0,1,95,85,75,80,3,1,1
32268,1,21,1,0,1,0,0,0,99,NA,NA,NA,NA,0,0
8536,1,51,0,0,0,1,1,0,29,NA,NA,NA,NA,0,0
14732,1,52,0,0,0,1,0,0,0,NA,NA,NA,NA,0,0
24679,0,52,1,0,1,0,0,0,50,50,69,50,3,1,1
3163,1,60,1,0,0,1,1,0,49,NA,NA,NA,NA,0,0
29963,1,57,0,0,0,1,0,0,75,85,95,60,3,1,1
20032,0,73,1,0,0,1,0,1,50,85,92,50,2,1,1
1939,0,65,0,0,1,0,0,0,61,50,75,50,2,1,1
498,0,30,1,0,0,1,0,0,78,82,50,65,3,1,1
3710,0,30,0,0,1,0,0,1,71,75,80,50,3,1,1
9158,1,49,1,0,1,0,0,0,100,NA,NA,NA,NA,0,0
36655,0,56,1,0,0,1,1,0,100,NA,NA,NA,NA,0,0
53484,1,66,1,0,0,1,1,0,100,100,100,96,3,1,1
36864,1,61,0,0,0,1,1,0,100,50,90,85,2,1,1
57812,0,66,0,0,1,0,1,0,50,NA,NA,NA,NA,0,0
16898,0,25,1,0,1,0,0,0,73,NA,NA,NA,NA,0,0
62373,0,64,0,0,1,0,0,0,50,NA,NA,NA,NA,0,0
27393,1,80,1,0,1,0,0,1,50,NA,NA,NA,NA,0,0
37515,1,70,0,0,1,0,0,1,76,NA,NA,NA,NA,0,0
39373,0,61,0,0,0,1,1,0,50,NA,NA,NA,NA,0,0
58958,1,17,0,0,1,0,0,0,50,NA,NA,NA,NA,0,0
41830,1,71,1,0,1,0,1,0,50,NA,NA,NA,NA,0,0
53433,0,42,1,0,1,0,0,1,50,100,95,95,3,1,1
1044,0,33,1,0,1,0,0,1,85,50,50,50,1,1,1
47678,0,33,0,0,1,0,0,1,35,30,50,40,3,1,1
12177,0,35,0,0,0,1,1,0,63,NA,NA,NA,NA,0,0
26888,0,51,0,0,1,0,0,0,50,50,NA,NA,NA,1,0
43587,0,75,0,0,1,0,0,0,50,50,NA,50,0,1,1
28478,0,53,1,0,0,1,0,1,20,28,7,0,-3,1,1
12461,0,27,1,0,1,0,0,1,50,31,18,0,-2,1,1
1524,0,77,1,0,1,0,0,1,0,0,0,0,-3,1,1
15187,0,29,1,0,1,0,0,0,95,77,70,84,3,1,1
43369,0,65,1,0,1,0,0,1,50,NA,NA,NA,NA,0,0
38405,0,61,0,0,1,0,0,1,50,NA,NA,NA,NA,0,0
67398,0,42,0,0,1,0,0,1,0,NA,NA,NA,NA,0,0
6272,0,40,1,0,1,0,0,1,0,NA,NA,NA,NA,0,0
29627,1,68,1,0,0,0,1,0,50,NA,NA,NA,NA,0,0
466,1,51,1,0,1,0,1,0,25,NA,NA,NA,NA,0,0
33300,0,27,1,0,0,1,1,0,100,NA,NA,NA,NA,0,0
46935,1,55,0,0,0,1,1,0,0,NA,NA,NA,NA,0,0
21990,1,57,1,0,0,1,1,0,19,NA,NA,NA,NA,0,0
65599,1,33,0,0,1,0,0,1,0,0,0,0,-3,1,1
50534,0,61,1,0,0,1,0,1,60,73,70,80,1,1,1
34477,1,22,0,0,0,1,0,1,50,39,50,50,1,1,1
48941,1,49,0,0,0,1,0,1,50,NA,NA,NA,NA,0,0
52497,0,29,1,0,0,1,1,0,63,83,62,62,3,1,1
14755,0,53,1,0,0,1,1,0,80,100,100,100,3,1,1
58687,1,44,0,0,1,0,0,0,100,NA,NA,NA,NA,0,0
10635,1,67,0,0,1,0,1,0,0,NA,NA,NA,NA,0,0
39129,1,42,1,0,0,1,0,0,50,NA,NA,NA,NA,0,0
19315,1,67,0,0,0,1,1,0,50,NA,NA,NA,NA,0,0
7417,1,68,1,0,0,1,1,0,57,NA,NA,NA,NA,0,0
7005,0,55,0,0,0,1,0,1,50,NA,NA,NA,NA,0,0
44625,1,64,0,0,0,1,0,0,31,28,50,35,3,1,1
44034,1,62,1,0,0,1,0,1,50,NA,NA,NA,NA,0,0
64144,1,57,1,0,1,0,1,0,50,NA,NA,NA,NA,0,0
34356,1,71,0,0,0,1,1,0,29,50,50,50,1,1,1
67897,1,22,0,0,1,0,0,1,53,NA,NA,NA,NA,0,0
63186,0,46,1,0,1,0,0,0,50,46,50,50,1,1,1
9239,0,55,0,0,0,1,0,0,16,23,29,26,0,1,1
47814,0,30,1,0,0,1,1,0,58,NA,NA,NA,NA,0,0
1292,0,31,0,0,1,0,1,0,0,NA,NA,NA,NA,0,0
26810,0,50,0,0,0,1,0,1,100,100,NA,NA,NA,1,0
364,0,26,0,0,1,0,0,1,100,100,NA,NA,NA,1,0
40658,1,27,0,0,1,0,0,0,50,NA,NA,NA,NA,0,0
11401,0,65,1,0,1,0,0,1,18,50,0,10,-1,1,1
57337,0,77,0,0,0,1,0,1,0,0,0,0,-2,1,1
33513,0,30,0,0,0,1,0,0,20,50,0,0,-2,1,1
30195,0,72,1,0,1,0,0,1,28,20,0,50,3,1,1
17093,0,46,0,0,1,0,0,1,50,51,0,50,3,1,1
35277,0,74,0,0,1,0,0,0,0,50,NA,NA,NA,1,0
59215,0,28,1,0,0,1,1,0,100,100,NA,100,3,1,1
48186,1,58,0,0,1,0,0,0,50,NA,NA,NA,NA,0,0
25750,0,64,1,0,1,0,0,1,50,NA,NA,NA,NA,0,0
3274,0,20,0,0,1,0,0,1,50,NA,NA,NA,NA,0,0
40525,0,45,0,0,1,0,0,1,0,NA,NA,NA,NA,0,0
50125,1,63,1,0,0,1,0,0,100,NA,NA,NA,NA,0,0
42226,0,49,1,0,1,0,0,1,50,NA,NA,NA,NA,0,0
2383,1,31,0,0,1,0,0,0,89,NA,NA,NA,NA,0,0
34335,0,58,1,0,0,1,1,0,50,NA,NA,NA,NA,0,0
3658,1,48,1,0,0,1,1,0,50,50,50,50,2,1,1
64547,0,32,0,0,1,0,0,1,50,NA,NA,NA,NA,0,0
16581,0,67,1,0,1,0,0,1,82,NA,NA,NA,NA,0,0
64109,1,28,0,0,1,0,1,0,3,NA,NA,NA,NA,0,0
37534,1,60,1,0,1,0,0,1,1,NA,NA,NA,NA,0,0
39145,0,61,1,0,0,1,0,1,0,NA,NA,NA,NA,0,0
60067,0,64,0,0,0,1,0,1,0,NA,NA,NA,NA,0,0
65620,0,48,0,0,0,1,0,1,50,NA,NA,NA,NA,0,0
60457,0,20,0,0,1,0,0,1,41,NA,NA,NA,NA,0,0
16110,0,59,1,0,1,0,1,0,77,50,100,72,3,1,1
17663,1,40,0,0,1,0,1,0,50,NA,NA,NA,NA,0,0
47932,1,38,1,0,1,0,1,0,50,NA,NA,NA,NA,0,0
53039,1,47,0,0,0,1,0,1,33,NA,NA,NA,NA,0,0
18151,0,45,1,0,0,1,0,1,75,NA,NA,NA,NA,0,0
42348,0,53,1,0,1,0,0,1,35,NA,NA,NA,NA,0,0
19017,1,62,1,0,0,1,0,0,50,50,50,50,3,1,1
36404,1,66,1,0,0,1,1,0,71,NA,NA,NA,NA,0,0
63456,1,26,0,0,0,1,1,0,100,NA,NA,NA,NA,0,0
12949,0,59,1,0,1,0,0,1,50,50,71,70,2,1,1
61886,1,71,1,0,1,0,0,1,0,NA,NA,NA,NA,0,0
57616,0,82,1,0,0,1,0,1,77,NA,NA,NA,NA,0,0
55970,1,53,1,0,1,0,1,0,99,100,100,100,3,1,1
60847,1,30,0,0,1,0,1,0,100,100,53,100,3,1,1
43216,0,48,0,0,1,0,0,0,0,NA,NA,NA,NA,0,0
53038,0,26,1,0,1,0,0,1,50,NA,NA,NA,NA,0,0
14316,1,37,1,0,1,0,0,0,0,NA,NA,NA,NA,0,0
64914,1,37,0,0,1,0,1,0,8,NA,NA,NA,NA,0,0
22040,1,42,1,0,1,0,0,1,13,NA,NA,NA,NA,0,0
7872,1,51,1,0,1,0,0,0,57,90,84,95,3,1,1
19473,1,49,0,0,1,0,0,0,50,50,50,50,0,1,1
54980,1,49,1,0,1,0,0,0,17,50,50,50,-3,1,1
66882,1,19,0,0,1,0,0,0,0,16,9,50,-2,1,1
54772,0,42,0,0,1,0,0,1,50,NA,NA,NA,NA,0,0
20028,1,32,1,0,1,0,0,1,0,NA,NA,NA,NA,0,0
37782,1,59,1,0,1,0,0,1,0,0,NA,NA,NA,1,0
60225,1,65,0,0,1,0,0,1,7,NA,NA,NA,NA,0,0
40890,1,31,1,0,1,0,0,0,90,NA,NA,NA,NA,0,0
24474,1,18,0,0,1,0,0,0,50,100,100,100,3,1,1
32347,1,49,0,0,1,0,0,0,50,60,85,50,0,1,1
62276,1,40,1,0,1,0,0,0,47,50,50,50,0,1,1
12624,1,54,1,0,1,0,0,0,50,50,0,50,-1,1,1
13375,1,24,1,0,1,0,0,1,69,NA,NA,NA,NA,0,0
11479,1,42,1,0,1,0,0,1,38,NA,NA,NA,NA,0,0
8727,1,72,0,0,0,1,0,1,50,50,53,11,0,1,1
16824,0,40,1,0,1,0,0,0,50,NA,NA,NA,NA,0,0
6999,1,80,0,0,0,1,1,0,50,50,14,50,0,1,1
59200,1,50,0,0,0,1,1,0,0,12,0,0,-2,1,1
24120,0,20,0,0,1,0,1,0,100,NA,NA,NA,NA,0,0
11465,0,48,0,0,1,0,0,0,50,NA,NA,NA,NA,0,0
8949,1,58,1,0,1,0,0,1,70,NA,NA,NA,NA,0,0
22911,1,57,0,0,1,0,0,0,40,NA,NA,NA,NA,0,0
45900,0,23,1,0,1,0,0,1,50,50,58,40,-1,1,1
53099,0,50,1,0,0,1,1,0,50,NA,NA,NA,NA,0,0
9451,0,19,0,0,1,0,1,0,33,NA,NA,NA,NA,0,0
14456,0,20,0,0,1,0,1,0,0,NA,NA,NA,NA,0,0
33017,0,49,0,0,1,0,0,0,50,NA,NA,NA,NA,0,0
66966,0,30,1,0,1,0,0,1,4,50,50,50,2,1,1
26848,0,71,1,0,1,0,1,0,1,NA,NA,NA,NA,0,0
67784,0,39,0,0,1,0,0,0,23,NA,NA,NA,NA,0,0
25775,1,53,0,0,1,0,0,1,50,50,50,50,-3,1,1
55470,1,66,1,0,1,0,0,0,10,0,12,29,0,1,1
61378,1,69,0,0,0,1,0,0,60,75,50,50,3,1,1
30103,0,85,1,0,1,0,0,1,23,NA,NA,NA,NA,0,0
41078,1,50,0,0,0,1,0,1,70,NA,NA,NA,NA,0,0
29855,0,23,1,0,1,0,1,0,50,80,80,93,3,1,1
15257,0,71,1,0,1,0,0,1,0,0,0,0,-3,1,1
41562,0,41,0,0,1,0,0,1,0,0,0,0,-3,1,1
16022,0,70,0,0,1,0,0,0,0,0,0,0,-3,1,1
50052,0,45,0,0,1,0,0,1,50,NA,NA,NA,NA,0,0
63412,0,64,1,0,1,0,0,1,0,NA,NA,NA,NA,0,0
19184,0,50,1,0,1,0,0,0,94,NA,NA,NA,NA,0,0
32690,0,66,1,0,1,0,0,1,50,50,50,50,2,1,1
67720,1,43,1,0,1,0,0,0,100,100,100,100,3,1,1
65290,0,18,1,0,1,0,0,0,75,NA,NA,NA,NA,0,0
16286,0,56,1,0,1,0,0,0,50,NA,NA,NA,NA,0,0
39948,1,40,0,0,0,1,1,0,73,81,75,88,3,1,1
17992,1,82,1,0,1,0,1,0,26,95,74,76,3,1,1
13569,0,60,1,0,1,0,1,0,50,50,50,50,1,1,1
63662,0,44,0,0,1,0,1,0,50,NA,NA,50,3,0,1
37348,0,59,1,0,1,0,0,0,50,NA,NA,NA,NA,0,0
29219,1,21,1,0,1,0,0,0,100,NA,NA,NA,NA,0,0
4629,0,47,0,0,1,0,0,0,50,NA,NA,NA,NA,0,0
66586,1,56,0,0,1,0,0,1,0,NA,NA,NA,NA,0,0
46851,0,68,0,0,1,0,0,1,50,NA,NA,NA,NA,0,0
49490,1,25,1,0,1,0,0,1,50,NA,NA,NA,NA,0,0
66304,0,46,0,0,1,0,0,1,100,NA,NA,NA,NA,0,0
27350,0,21,0,0,1,0,0,0,100,NA,NA,NA,NA,0,0
6754,0,51,1,0,0,1,0,1,100,NA,NA,NA,NA,0,0
11366,0,44,0,0,0,1,0,1,50,NA,NA,NA,NA,0,0
24313,1,52,0,0,1,0,1,0,74,NA,NA,NA,NA,0,0
4972,1,52,0,0,1,0,1,0,68,NA,NA,NA,NA,0,0
60657,1,22,1,0,1,0,0,0,14,NA,NA,NA,NA,0,0
32677,0,59,0,0,1,0,1,0,40,50,50,50,1,1,1
15043,1,56,1,0,1,0,0,1,50,NA,NA,NA,NA,0,0
32376,0,31,0,0,0,1,0,0,0,NA,NA,NA,NA,0,0
43624,0,29,0,0,1,0,0,1,0,NA,NA,NA,NA,0,0
65088,0,59,1,0,1,0,0,1,0,NA,NA,NA,NA,0,0
48166,0,64,0,0,1,0,0,0,50,NA,NA,NA,NA,0,0
62324,0,30,1,0,1,0,0,0,49,NA,NA,NA,NA,0,0
63369,1,18,1,0,1,0,1,0,50,NA,NA,NA,NA,0,0
6625,1,24,0,0,0,1,0,0,50,NA,NA,NA,NA,0,0
41825,1,62,0,0,1,0,0,0,26,NA,NA,NA,NA,0,0
50158,1,25,0,0,1,0,1,0,50,NA,NA,NA,NA,0,0
61303,0,56,0,0,1,0,0,0,50,NA,NA,NA,NA,0,0
27522,0,29,1,0,1,0,1,0,50,NA,NA,NA,NA,0,0
38049,0,57,0,0,1,0,0,0,50,NA,NA,NA,NA,0,0
64206,0,51,1,0,1,0,0,0,50,NA,NA,NA,NA,0,0
54214,0,67,0,0,1,0,1,0,50,50,0,50,2,1,1
22698,0,66,1,0,1,0,0,1,50,50,50,50,2,1,1
59849,1,41,0,0,1,0,0,1,50,NA,NA,NA,NA,0,0
48558,0,49,0,0,1,0,0,1,10,NA,NA,NA,NA,0,0
7346,1,43,1,0,1,0,0,0,100,NA,NA,NA,NA,0,0
37908,1,20,1,0,1,0,1,0,100,NA,NA,NA,NA,0,0
42958,0,59,1,0,0,1,0,1,50,NA,NA,NA,NA,0,0
8506,1,21,0,0,1,0,1,0,50,NA,NA,NA,NA,0,0
30229,1,65,0,0,1,0,0,0,50,NA,NA,NA,NA,0,0
1385,1,83,1,0,1,0,0,1,100,NA,NA,NA,NA,0,0
12932,1,54,0,0,1,0,0,1,50,NA,NA,NA,NA,0,0
24629,1,22,0,0,1,0,0,1,100,NA,NA,NA,NA,0,0
17263,0,37,0,0,1,0,0,0,50,52,56,50,2,1,1
20134,1,48,1,0,1,0,0,0,84,94,93,83,3,1,1
60701,1,NA,1,0,1,0,0,0,95,95,NA,84,3,1,1
23133,1,49,0,0,0,1,1,0,100,98,NA,87,3,1,1
38898,1,41,1,0,0,1,0,1,50,NA,NA,NA,NA,0,0
52278,0,24,0,0,0,1,0,0,50,50,0,0,-3,1,1
6445,0,18,1,0,1,0,1,0,22,2,NA,NA,NA,1,0
54918,0,46,1,0,1,0,1,0,50,50,0,50,-3,1,1
33874,0,19,0,0,1,0,0,0,3,NA,NA,NA,NA,0,0
58355,1,25,1,0,1,0,1,0,100,100,100,100,3,1,1
42683,1,68,0,0,0,1,0,0,23,10,NA,NA,NA,1,0
9928,1,56,1,0,0,1,1,0,71,67,65,79,3,1,1
56178,0,79,0,0,0,1,1,0,100,NA,NA,NA,NA,0,0
28452,0,67,1,0,0,1,1,0,100,NA,NA,NA,NA,0,0
35003,0,24,1,0,1,0,1,0,50,84,100,85,3,1,1
13334,0,56,1,0,1,0,1,0,100,NA,NA,NA,NA,0,0
60386,0,31,0,1,0,0,1,0,50,NA,NA,NA,NA,0,0
26384,0,55,1,0,1,0,0,0,50,NA,NA,NA,NA,0,0
2107,0,19,0,0,1,0,0,1,0,NA,NA,NA,NA,0,0
21751,1,78,1,0,1,0,1,0,50,50,50,50,2,1,1
18797,1,56,1,1,0,0,1,0,50,NA,NA,NA,NA,0,0
52701,0,61,0,0,0,1,1,0,70,NA,NA,NA,NA,0,0
52515,0,19,1,0,1,0,0,0,100,NA,NA,NA,NA,0,0
19984,0,20,0,0,1,0,0,0,50,NA,NA,NA,NA,0,0
34872,0,80,0,0,1,0,0,0,50,NA,NA,NA,NA,0,0
975,0,23,1,0,1,0,0,0,100,NA,NA,NA,NA,0,0
65989,0,18,0,0,1,0,0,0,50,NA,NA,NA,NA,0,0
62831,1,26,1,0,1,0,0,0,50,92,82,80,2,1,1
46276,1,51,1,0,1,0,0,1,50,50,84,78,0,1,1
49163,1,51,0,0,1,0,0,1,50,67,79,82,1,1,1
25602,0,41,0,0,1,0,0,1,50,NA,NA,NA,NA,0,0
53703,0,30,1,0,1,0,1,0,100,NA,NA,NA,NA,0,0
16148,0,29,1,0,1,0,1,0,53,NA,NA,NA,NA,0,0
12705,0,33,0,0,1,0,0,0,50,NA,NA,NA,NA,0,0
31328,1,58,1,0,0,1,1,0,100,NA,NA,NA,NA,0,0
57488,0,55,0,0,1,0,0,1,50,50,50,50,-3,1,1
23315,1,66,0,0,1,0,0,1,50,NA,NA,NA,NA,0,0
978,0,55,0,0,1,0,0,0,50,NA,NA,NA,NA,0,0
31044,1,46,1,0,1,0,0,1,50,NA,NA,NA,NA,0,0
26183,1,50,0,0,1,0,0,1,50,NA,NA,NA,NA,0,0
35990,0,69,0,0,0,1,0,1,39,25,30,35,2,1,1
57154,0,57,1,0,1,0,0,0,43,41,27,20,2,1,1
53683,0,24,0,1,0,0,0,0,50,NA,NA,NA,NA,0,0
34202,1,46,1,0,1,0,0,0,0,NA,NA,NA,NA,0,0
3317,0,53,0,0,1,0,0,1,71,NA,NA,NA,NA,0,0
11168,0,20,1,0,1,0,0,1,100,NA,NA,NA,NA,0,0
55631,0,51,1,0,1,0,0,1,26,43,75,40,0,1,1
19209,0,60,0,0,1,0,0,1,50,34,38,44,1,1,1
20161,0,58,0,0,1,0,0,0,25,42,39,45,2,1,1
8687,0,18,0,0,1,0,1,0,45,30,40,45,2,1,1
66557,1,41,0,0,1,0,0,0,50,50,50,50,3,1,1
27616,0,55,0,0,0,1,1,0,100,NA,NA,NA,NA,0,0
45069,0,22,0,1,0,0,0,0,100,NA,NA,NA,NA,0,0
1928,0,20,0,1,0,0,0,0,100,NA,NA,NA,NA,0,0
35689,0,40,1,0,0,1,0,0,90,NA,NA,NA,NA,0,0
46708,0,54,1,0,1,0,0,1,75,NA,NA,NA,NA,0,0
9506,0,53,0,0,1,0,1,0,50,NA,NA,NA,NA,0,0
52094,0,55,0,0,0,1,0,1,100,81,75,88,3,1,1
37780,0,61,0,0,0,1,1,0,83,100,100,100,3,1,1
13619,0,20,0,0,1,0,0,0,100,NA,NA,NA,NA,0,0
40704,1,53,1,0,1,0,0,1,50,NA,NA,NA,NA,0,0
29133,0,22,1,0,1,0,0,1,79,88,100,100,3,1,1
9992,0,42,1,0,0,1,1,0,87,NA,NA,NA,NA,0,0
65181,0,72,1,0,0,1,1,0,50,NA,NA,NA,NA,0,0
46953,0,40,1,0,1,0,0,0,10,NA,NA,NA,NA,0,0
25355,1,22,0,0,0,1,1,0,100,NA,NA,NA,NA,0,0
67533,1,28,1,1,0,0,1,0,89,NA,NA,NA,NA,0,0
50652,0,28,1,0,1,0,1,0,50,NA,NA,NA,NA,0,0
62297,0,22,1,0,1,0,0,1,50,NA,NA,NA,NA,0,0
25684,0,60,1,0,1,0,0,1,50,NA,NA,NA,NA,0,0
31255,1,81,0,0,1,0,0,1,77,NA,NA,NA,NA,0,0
58587,1,20,0,0,1,0,0,0,50,NA,NA,NA,NA,0,0
63205,1,47,1,0,1,0,0,1,1,NA,NA,NA,NA,0,0
53798,1,52,0,0,1,0,0,0,50,NA,NA,NA,NA,0,0
66399,0,42,0,0,1,0,1,0,86,50,NA,NA,NA,1,0
23097,0,66,1,0,0,1,1,0,100,NA,NA,NA,NA,0,0
16795,1,21,1,0,1,0,0,0,100,NA,NA,NA,NA,0,0
9438,0,75,1,1,0,0,1,0,50,NA,NA,NA,NA,0,0
55500,0,60,0,0,0,1,0,0,50,NA,NA,NA,NA,0,0
17240,1,42,0,0,1,0,0,1,7,NA,NA,NA,NA,0,0
33133,1,75,1,0,1,0,1,0,0,NA,NA,NA,NA,0,0
14470,0,55,0,0,1,0,1,0,50,NA,NA,NA,NA,0,0
26093,1,21,1,0,1,0,1,0,50,NA,NA,NA,NA,0,0
19474,1,56,0,0,1,0,1,0,0,NA,NA,NA,NA,0,0
50389,1,51,1,0,0,1,1,0,87,NA,NA,NA,NA,0,0
33651,1,58,1,0,1,0,0,0,70,99,100,84,3,1,1
23387,0,34,0,0,1,0,0,0,50,50,50,50,3,1,1
5294,0,37,1,0,1,0,1,0,50,50,50,50,2,1,1
42769,0,25,1,0,1,0,0,1,100,100,NA,NA,NA,1,0
43066,0,22,1,0,1,0,0,1,60,NA,NA,NA,NA,0,0
57568,0,28,0,0,1,0,0,1,26,NA,NA,NA,NA,0,0
27182,0,90,1,0,0,1,1,0,50,NA,NA,NA,NA,0,0
1536,0,37,0,0,0,0,1,0,62,NA,NA,NA,NA,0,0
16706,0,60,1,0,1,0,1,0,58,NA,NA,NA,NA,0,0
37177,0,66,0,0,1,0,0,0,59,NA,NA,NA,NA,0,0
65242,0,23,0,0,1,0,0,0,50,NA,NA,NA,NA,0,0
47128,0,68,0,0,0,1,0,1,50,NA,NA,NA,NA,0,0
65789,1,32,0,0,1,0,1,0,50,NA,NA,NA,NA,0,0
24181,0,75,1,0,1,0,0,1,80,NA,NA,NA,NA,0,0
6098,1,46,0,0,1,0,0,0,50,50,50,50,3,1,1
12676,1,55,1,0,0,1,0,1,50,NA,NA,NA,NA,0,0
22202,1,25,0,0,1,0,0,1,50,NA,NA,NA,NA,0,0
44571,1,56,0,0,1,0,0,1,50,NA,NA,NA,NA,0,0
25491,1,55,1,0,1,0,0,1,50,NA,NA,NA,NA,0,0
15162,0,28,1,0,1,0,0,0,60,NA,NA,NA,NA,0,0
67034,1,20,1,0,1,0,1,0,96,NA,NA,NA,NA,0,0
10670,1,58,1,0,0,1,1,0,27,50,50,21,-1,1,1
54003,1,76,0,0,1,0,0,1,99,NA,NA,NA,NA,0,0
32071,1,29,1,0,1,0,0,0,100,NA,NA,NA,NA,0,0
56415,1,31,1,0,1,0,0,0,44,NA,NA,NA,NA,0,0
63345,1,69,0,0,1,0,0,1,100,NA,NA,NA,NA,0,0
57636,1,56,1,0,1,0,1,0,94,100,NA,100,3,1,1
61002,0,47,0,0,1,0,0,0,50,50,20,17,0,1,1
65706,0,43,1,0,1,0,0,0,50,83,50,51,2,1,1
36631,1,57,0,0,0,1,1,0,100,NA,NA,NA,NA,0,0
45020,1,60,1,0,1,0,1,0,95,NA,NA,NA,NA,0,0
31800,1,83,0,0,1,0,0,1,36,40,45,34,1,1,1
1478,1,20,1,0,1,0,1,0,100,NA,NA,NA,NA,0,0
49606,1,49,1,0,1,0,0,0,50,NA,NA,NA,NA,0,0
67101,1,55,0,0,1,0,0,1,49,NA,NA,NA,NA,0,0
32597,1,29,1,0,1,0,0,1,50,60,40,10,0,1,1
43354,1,65,1,0,1,0,0,1,50,NA,NA,NA,NA,0,0
7467,1,64,0,0,0,1,1,0,73,NA,NA,NA,NA,0,0
32165,0,50,0,0,0,1,1,0,100,50,NA,79,3,1,1
23585,0,47,1,0,1,0,0,0,23,50,NA,78,3,1,1
18499,0,20,1,0,1,0,0,0,99,50,NA,50,3,1,1
3083,0,32,0,0,0,1,0,1,50,50,65,80,3,1,1
50740,0,36,1,0,0,1,0,1,50,90,89,90,2,1,1
22043,1,53,1,0,1,0,0,1,42,50,50,50,1,1,1
66280,1,19,1,0,1,0,1,0,100,79,80,91,3,1,1
52099,1,64,1,0,0,1,1,0,50,NA,NA,NA,NA,0,0
67177,1,40,0,0,1,0,0,0,43,82,NA,55,0,1,1
48585,1,38,1,0,1,0,0,1,2,NA,NA,NA,NA,0,0
18634,1,41,1,0,1,0,0,0,37,66,50,50,1,1,1
65792,0,59,1,0,1,0,1,0,50,43,12,20,-2,1,1
48264,0,48,0,0,0,1,0,1,47,41,40,50,0,1,1
46877,0,56,0,0,1,0,0,0,100,50,50,100,3,1,1
35326,0,73,0,0,1,0,0,0,88,100,100,50,3,1,1
27499,0,65,0,1,0,0,1,0,62,NA,NA,NA,NA,0,0
31099,1,54,1,0,1,0,0,1,50,NA,NA,NA,NA,0,0
55386,1,64,1,0,0,1,1,0,22,NA,NA,NA,NA,0,0
50286,0,59,0,0,1,0,0,1,50,NA,NA,NA,NA,0,0
48952,0,62,1,1,0,0,1,0,50,50,NA,53,0,1,1
5665,0,28,1,0,1,0,0,1,76,NA,NA,NA,NA,0,0
57928,0,38,0,0,1,0,0,0,50,NA,NA,NA,NA,0,0
65720,0,37,1,0,1,0,0,0,50,NA,NA,NA,NA,0,0
54813,1,54,0,1,0,0,1,0,50,50,50,NA,NA,1,0
37477,1,56,1,1,0,0,1,0,65,73,60,76,2,1,1
14097,1,18,0,0,1,0,0,0,60,NA,NA,NA,NA,0,0
39579,1,54,0,0,1,0,0,0,54,NA,NA,NA,NA,0,0
47778,1,57,0,0,1,0,1,0,73,NA,NA,NA,NA,0,0
28428,0,66,0,0,1,0,1,0,50,60,50,61,2,1,1
11777,0,50,1,0,1,0,0,1,50,NA,NA,NA,NA,0,0
60869,0,75,1,0,1,0,0,1,50,NA,NA,NA,NA,0,0
56698,0,78,0,0,1,0,0,0,11,NA,NA,NA,NA,0,0
47416,0,49,0,0,1,0,0,1,50,50,50,48,0,1,1
20528,0,71,1,0,1,0,0,1,50,50,50,50,-2,1,1
24929,0,78,0,0,1,0,0,1,50,50,50,50,-3,1,1
9466,1,58,0,0,1,0,1,0,73,85,100,50,3,1,1
19591,0,63,0,0,0,0,0,0,25,NA,NA,NA,NA,0,0
103,1,16,1,0,1,0,1,0,50,NA,NA,NA,NA,0,0
12294,1,82,0,0,1,0,0,1,29,NA,NA,NA,NA,0,0
29615,1,51,0,0,1,0,1,0,50,NA,NA,NA,NA,0,0
67973,1,32,1,0,1,0,0,0,50,NA,NA,NA,NA,0,0
23173,1,67,0,0,1,0,0,0,100,NA,NA,NA,NA,0,0
42568,0,20,0,0,0,1,0,0,100,NA,NA,NA,NA,0,0
56558,0,45,0,0,0,1,0,1,58,NA,NA,NA,NA,0,0
61841,0,65,1,0,1,0,0,1,50,10,0,5,0,1,1
17804,0,68,0,0,1,0,0,1,50,0,10,10,1,1,1
58874,1,55,1,0,0,1,0,1,50,NA,NA,NA,NA,0,0
6711,0,91,1,0,1,0,0,1,55,NA,NA,NA,NA,0,0
61456,0,58,0,0,1,0,0,1,50,NA,NA,NA,NA,0,0
15475,0,39,1,0,1,0,1,0,38,NA,NA,NA,NA,0,0
18355,0,60,1,0,1,0,0,0,50,50,50,50,3,1,1
67494,0,21,1,0,1,0,1,0,100,92,64,60,3,1,1
16367,0,19,1,0,1,0,1,0,62,80,69,71,3,1,1
62673,0,34,0,0,1,0,0,1,13,NA,NA,NA,NA,0,0
15512,0,34,1,0,1,0,0,0,50,NA,NA,NA,NA,0,0
19443,1,68,0,0,1,0,0,0,50,50,50,50,0,1,1
6188,0,60,1,0,1,0,1,0,82,92,89,96,3,1,1
6964,0,45,1,0,1,0,0,0,40,45,NA,NA,NA,1,0
730,1,44,0,0,0,1,0,0,79,NA,NA,NA,NA,0,0
12056,1,45,1,0,0,1,0,0,100,NA,NA,NA,NA,0,0
10775,1,32,0,0,1,0,0,0,49,NA,NA,NA,NA,0,0
22226,1,66,1,0,1,0,1,0,50,50,90,86,3,1,1
11716,1,62,0,0,1,0,0,1,50,NA,NA,NA,NA,0,0
8986,0,29,1,0,1,0,0,1,20,NA,NA,NA,NA,0,0
10650,0,68,1,0,1,0,1,0,36,NA,NA,NA,NA,0,0
32525,1,22,1,0,1,0,0,0,50,NA,NA,NA,NA,0,0
42605,1,64,0,0,1,0,0,1,50,50,50,81,2,1,1
61493,1,55,0,0,0,1,1,0,94,100,NA,50,-2,1,1
47197,0,39,0,0,1,0,0,0,50,NA,NA,NA,NA,0,0
19438,1,19,1,0,1,0,0,0,85,NA,NA,NA,NA,0,0
47939,1,51,0,0,1,0,0,1,50,NA,NA,NA,NA,0,0
8990,0,54,0,0,1,0,0,1,23,45,32,42,2,1,1
10723,0,44,1,0,1,0,1,0,50,50,50,79,2,1,1
8473,0,72,1,0,0,1,1,0,50,NA,NA,NA,NA,0,0
12611,0,46,1,0,1,0,1,0,50,NA,NA,NA,NA,0,0
34421,1,54,0,0,1,0,0,1,40,50,50,50,0,1,1
7173,0,23,1,0,1,0,0,0,100,NA,NA,NA,NA,0,0
55141,0,18,0,0,1,0,0,0,75,NA,NA,NA,NA,0,0
24801,1,54,1,0,1,0,0,1,38,NA,NA,NA,NA,0,0
1308,1,55,1,0,1,0,0,1,28,NA,NA,NA,NA,0,0
52311,1,46,1,1,0,0,1,0,50,NA,NA,NA,NA,0,0
9316,1,65,1,0,1,0,1,0,50,NA,NA,NA,NA,0,0
31403,1,20,1,1,0,0,1,0,50,NA,NA,NA,NA,0,0
39648,0,21,0,0,1,0,0,0,100,50,67,63,0,1,1
45813,0,20,1,0,1,0,1,0,79,100,100,100,3,1,1
37865,0,44,1,0,1,0,1,0,92,50,NA,NA,NA,1,0
1312,0,27,0,0,1,0,0,0,21,16,40,27,-1,1,1
17618,0,58,1,0,1,0,0,1,0,27,NA,NA,NA,1,0
32587,1,75,1,1,0,0,1,0,90,82,100,50,3,1,1
7204,0,21,1,0,1,0,0,0,73,NA,NA,NA,NA,0,0
22129,1,77,0,0,0,1,1,0,100,97,99,35,3,1,1
14619,1,50,0,0,0,1,1,0,90,NA,NA,NA,NA,0,0
17285,1,72,1,0,0,1,1,0,67,NA,NA,NA,NA,0,0
68082,1,61,1,0,1,0,0,0,0,NA,NA,NA,NA,0,0
736,0,25,0,0,1,0,0,0,50,41,50,53,2,1,1
23167,1,86,1,0,1,0,0,1,56,NA,NA,NA,NA,0,0
46525,1,60,1,0,1,0,0,1,50,NA,NA,NA,NA,0,0
32078,0,64,1,0,0,1,0,1,53,NA,NA,NA,NA,0,0
44070,0,38,0,0,0,1,0,1,60,NA,NA,NA,NA,0,0
23542,0,22,0,0,1,0,0,0,20,NA,NA,22,-1,0,1
27550,0,27,0,0,1,0,0,1,30,NA,NA,NA,NA,0,0
5942,0,55,1,0,1,0,1,0,100,NA,NA,NA,NA,0,0
16447,0,85,1,0,1,0,0,0,50,NA,NA,NA,NA,0,0
25319,0,45,1,0,0,1,0,1,50,NA,NA,NA,NA,0,0
7303,0,18,0,0,1,0,0,0,50,NA,NA,NA,NA,0,0
1627,1,53,0,0,0,1,0,1,50,NA,NA,NA,NA,0,0
18912,0,73,1,0,1,0,0,1,12,40,71,50,1,1,1
28559,1,27,1,0,1,0,0,0,80,NA,NA,NA,NA,0,0
61394,0,80,0,0,1,0,0,0,50,NA,NA,NA,NA,0,0
16838,0,81,1,0,1,0,0,0,41,NA,NA,NA,NA,0,0
38184,0,37,1,0,1,0,0,1,19,NA,NA,NA,NA,0,0
33350,1,28,1,0,1,0,0,0,100,100,92,92,3,1,1
60946,0,21,1,0,1,0,0,0,74,NA,NA,NA,NA,0,0
26597,1,26,1,0,1,0,1,0,32,NA,NA,NA,NA,0,0
56130,1,64,0,0,1,0,0,0,50,NA,NA,NA,NA,0,0
61627,1,70,1,0,0,1,1,0,76,NA,NA,NA,NA,0,0
34064,0,40,0,0,1,0,0,1,100,100,100,100,0,1,1
4878,0,66,1,0,1,0,0,1,50,50,50,0,-3,1,1
38930,0,57,0,0,1,0,0,1,50,NA,NA,NA,NA,0,0
27085,0,60,1,0,1,0,0,1,50,NA,NA,NA,NA,0,0
61931,0,31,1,0,0,1,0,0,85,NA,NA,NA,NA,0,0
18494,0,31,0,0,0,1,0,1,42,NA,NA,NA,NA,0,0
57824,0,20,1,0,1,0,1,0,100,NA,NA,NA,NA,0,0
61625,0,56,1,0,1,0,0,1,10,NA,NA,NA,NA,0,0
232,1,61,1,0,1,0,0,1,50,50,93,50,3,1,1
63008,1,21,1,0,1,0,0,1,100,100,100,100,3,1,1
7365,1,48,1,0,1,0,0,1,100,100,100,100,3,1,1
53902,1,20,0,0,1,0,0,1,100,100,100,100,3,1,1
68292,0,23,1,0,1,0,1,0,100,NA,NA,NA,NA,0,0
32643,1,41,1,0,1,0,0,0,100,NA,NA,NA,NA,0,0
12753,0,49,1,0,1,0,1,0,100,NA,NA,NA,NA,0,0
28028,0,19,1,0,1,0,1,0,100,NA,NA,NA,NA,0,0
56927,1,63,1,0,1,0,0,1,43,NA,NA,NA,NA,0,0
4785,1,30,0,0,1,0,0,1,50,NA,NA,NA,NA,0,0
9949,1,29,0,0,1,0,0,1,20,NA,NA,NA,NA,0,0
6250,1,57,0,0,1,0,0,0,100,100,100,50,3,1,1
36709,1,31,1,0,1,0,0,0,100,75,60,57,2,1,1
46381,1,57,1,0,1,0,1,0,100,100,100,NA,NA,1,0
6446,1,21,0,0,1,0,0,0,50,NA,NA,NA,NA,0,0
36790,0,97,1,0,1,0,1,0,38,NA,NA,NA,NA,0,0
65444,0,25,0,0,1,0,0,0,50,NA,NA,NA,NA,0,0
51250,1,66,0,0,1,0,0,1,16,NA,NA,NA,NA,0,0
33913,0,47,1,0,1,0,0,1,50,36,38,40,0,1,1
64343,1,52,0,0,1,0,1,0,50,NA,NA,NA,NA,0,0
4105,0,52,1,0,1,0,0,1,90,95,90,NA,NA,1,0
33739,0,82,1,0,1,0,1,0,100,NA,NA,NA,NA,0,0
46431,1,84,1,0,1,0,0,1,50,NA,NA,NA,NA,0,0
4366,1,47,0,0,1,0,0,0,50,NA,NA,NA,NA,0,0
55715,1,19,1,0,1,0,1,0,50,NA,NA,NA,NA,0,0
57701,1,67,1,0,1,0,0,0,98,NA,NA,NA,NA,0,0
25739,1,56,1,0,0,1,1,0,93,NA,NA,NA,NA,0,0
19348,0,34,1,0,1,0,0,0,100,NA,NA,NA,NA,0,0
47943,0,20,1,0,1,0,0,1,50,NA,NA,NA,NA,0,0
13949,0,46,1,0,1,0,0,1,50,NA,NA,NA,NA,0,0
41538,0,26,0,0,1,0,0,0,50,NA,NA,NA,NA,0,0
8041,0,52,1,0,1,0,0,0,8,NA,0,0,-3,0,1
32758,0,88,1,0,1,0,0,0,17,NA,0,0,-3,0,1
50485,0,20,0,0,1,0,0,0,0,NA,0,0,-1,0,1
48039,1,71,0,0,1,0,0,1,60,NA,NA,NA,NA,0,0
11629,1,19,1,0,1,0,0,1,50,NA,NA,NA,NA,0,0
13030,1,47,1,0,0,1,0,1,14,NA,NA,NA,NA,0,0
64884,1,49,0,0,0,1,0,1,25,NA,NA,NA,NA,0,0
35853,0,44,1,0,0,1,1,0,100,NA,NA,NA,NA,0,0
50973,0,75,1,0,0,1,1,0,100,NA,NA,NA,NA,0,0
48604,0,25,0,0,0,1,0,0,50,50,50,50,0,1,1
5540,0,59,0,0,0,1,0,0,2,50,40,50,-1,1,1
11445,1,67,1,0,1,0,0,1,48,50,40,50,0,1,1
1042,1,68,0,0,1,0,0,1,50,55,71,48,1,1,1
14181,0,48,0,0,1,0,0,0,50,NA,NA,NA,NA,0,0
49945,0,19,1,0,0,1,1,0,100,NA,NA,NA,NA,0,0
13429,0,18,1,0,1,0,0,1,100,NA,NA,NA,NA,0,0
43610,0,53,0,0,1,0,0,1,50,NA,NA,NA,NA,0,0
55292,1,30,0,0,1,0,0,0,50,NA,NA,NA,NA,0,0
56341,1,72,0,0,1,0,0,1,50,NA,NA,NA,NA,0,0
50877,1,22,0,0,1,0,0,0,50,NA,NA,NA,NA,0,0
16049,1,46,1,0,1,0,0,1,70,NA,NA,NA,NA,0,0
17984,0,54,1,0,0,1,1,0,50,NA,NA,NA,NA,0,0
61114,0,58,0,0,0,1,1,0,50,NA,NA,NA,NA,0,0
54711,0,19,1,0,0,1,1,0,98,NA,NA,NA,NA,0,0
24791,1,46,1,0,0,1,1,0,85,NA,NA,NA,NA,0,0
9747,0,65,0,0,0,1,1,0,38,NA,NA,NA,NA,0,0
56069,0,61,1,0,0,1,1,0,65,NA,NA,NA,NA,0,0
18388,1,34,1,0,1,0,1,0,50,50,70,50,3,1,1
37630,1,25,1,0,1,0,0,0,89,100,100,78,3,1,1
57802,1,72,1,0,1,0,0,0,73,NA,NA,NA,NA,0,0
32284,1,52,0,0,0,1,0,1,66,NA,NA,NA,NA,0,0
55399,1,81,0,0,1,0,0,1,63,NA,NA,NA,NA,0,0
39957,0,52,1,0,1,0,0,1,50,NA,NA,NA,NA,0,0
57569,0,50,0,0,0,1,0,1,50,NA,NA,NA,NA,0,0
47189,1,48,0,0,1,0,1,0,50,NA,NA,NA,NA,0,0
42411,0,72,1,0,0,1,1,0,50,NA,NA,NA,NA,0,0
64333,0,51,1,0,0,1,1,0,100,NA,NA,NA,NA,0,0
34869,0,25,1,0,0,1,1,0,64,NA,NA,NA,NA,0,0
512,0,70,0,0,0,1,0,1,90,95,74,91,3,1,1
52978,1,55,0,0,1,0,0,0,50,NA,NA,NA,NA,0,0
66482,1,88,1,0,1,0,0,1,0,NA,NA,NA,NA,0,0
19057,1,28,1,0,1,0,0,0,100,100,53,100,3,1,1
13357,1,26,1,0,1,0,0,0,100,100,100,100,3,1,1
26753,1,19,1,0,1,0,1,0,100,100,100,100,3,1,1
6112,1,19,0,0,1,0,1,0,100,NA,NA,NA,NA,0,0
65777,1,21,1,0,1,0,1,0,100,NA,NA,NA,NA,0,0
18489,1,20,1,0,1,0,0,0,100,100,88,100,3,1,1
35366,1,18,0,0,1,0,0,0,50,91,50,50,3,1,1
20788,0,62,1,0,0,1,0,1,0,NA,NA,NA,NA,0,0
63999,0,76,1,0,1,0,1,0,89,NA,NA,NA,NA,0,0
49474,1,27,0,0,1,0,0,1,56,NA,NA,NA,NA,0,0
61520,1,37,0,0,1,0,0,1,50,NA,NA,NA,NA,0,0
18341,1,76,1,0,1,0,0,1,50,NA,NA,NA,NA,0,0
36828,1,69,0,0,1,0,0,0,50,NA,NA,NA,NA,0,0
36334,1,20,1,0,1,0,0,0,100,NA,NA,NA,NA,0,0
38164,1,32,1,0,1,0,0,0,100,NA,NA,NA,NA,0,0
57521,1,87,0,0,0,1,0,0,5,20,20,25,-1,1,1
24118,1,57,0,0,0,1,0,1,0,0,20,20,-1,1,1
52609,0,31,1,0,1,0,0,0,100,NA,NA,NA,NA,0,0
64062,1,23,1,0,1,0,1,0,50,60,80,50,2,1,1
60523,1,46,0,0,0,1,1,0,50,NA,NA,NA,NA,0,0
7532,0,21,1,0,0,1,0,0,100,NA,NA,NA,NA,0,0
60233,0,62,1,0,1,0,1,0,0,9,100,0,0,1,1
9137,0,54,0,0,0,1,1,0,50,50,50,50,2,1,1
64573,0,58,1,0,1,0,0,1,50,50,50,50,1,1,1
50801,1,28,1,0,1,0,0,1,50,NA,NA,NA,NA,0,0
5762,1,72,0,0,1,0,0,1,10,NA,NA,NA,NA,0,0
27049,0,29,1,0,0,1,0,1,50,NA,NA,NA,NA,0,0
68102,0,71,1,0,0,1,1,0,100,NA,NA,NA,NA,0,0
42009,1,53,1,0,1,0,1,0,50,84,50,50,3,1,1
42061,1,57,0,0,1,0,1,0,56,65,60,66,2,1,1
25963,0,35,1,0,1,0,0,1,75,NA,NA,NA,NA,0,0
27216,0,35,0,0,1,0,0,1,75,NA,NA,NA,NA,0,0
