knowledge,age,news_hours,female,college,income
40.3,70,1.6,0,1,40.7
74.1,31,1.5,1,1,106.9
59,38,0.3,0,1,52.2
45,84,4.2,0,1,54.7
56.4,32,4,0,0,40.7
35.1,74,2,0,0,38
41.9,68,0.3,0,0,85.4
50.8,45,1.6,0,0,50.7
47.9,83,2.2,0,0,33.6
68.4,26,4.7,1,0,122.4
52.6,52,1.4,0,0,21.7
41.9,65,1.9,1,0,64.4
48.5,29,1.3,0,0,58.5
68.6,35,3.7,0,1,42
52.1,19,1.8,0,0,70.1
54.8,54,1.6,0,0,49.7
59.8,27,2.8,1,0,126.5
60.2,34,1.8,1,0,71.7
39.9,61,0.6,0,1,99.5
35.8,24,1.4,0,0,31.7
48,31,0.6,1,1,61.5
58.1,47,4.8,0,1,48.1
45.2,82,0.5,0,0,58.8
87.9,21,5,1,1,72.4
52.6,82,0.4,0,1,83
76.6,52,5.7,0,1,99.6
54.4,24,0.9,0,1,81
34.6,61,1.3,0,0,51.2
53.8,27,1.7,1,0,51.1
47,53,1.1,1,0,27.6
32.6,63,1.3,1,0,20
48.1,72,1.1,1,0,34.8
41.4,76,0.9,0,1,71.1
56.8,31,3.8,1,0,92.8
53.3,45,0.7,0,0,54.6
56.7,31,4.7,0,0,51.7
63.7,30,2.4,1,0,96.9
63.1,32,3.4,0,0,150
42.2,57,1.7,0,0,20.1
64.8,23,3.4,0,1,141.6
57.1,32,2.1,0,0,72.8
43.3,63,0.7,1,1,44.1
53.8,23,2.2,0,0,36.8
69.9,38,2.5,1,1,29.5
25.6,37,0.4,1,0,37.6
56.7,71,4.2,0,0,40.2
62,39,5.4,1,0,52.9
54.9,79,1.4,1,1,72.6
55.2,34,2.5,0,0,75
21.5,78,1.5,1,0,50.5
54.6,69,3.7,0,0,75.4
49.4,73,2.8,1,0,51.4
31.4,81,0.8,0,0,70.6
32.3,82,1.7,0,0,34.2
40.8,39,0.5,0,0,59.5
51.1,60,1.4,1,0,63.9
62.9,50,3,1,1,55.1
36.5,53,0.9,1,0,47.4
39.9,40,3.1,0,0,20
64.2,25,1.1,1,1,59.7
60.1,53,0.8,1,0,87.3
50,79,3.3,0,1,67.4
39.8,70,0.4,1,0,37.8
46.7,46,1.2,0,0,28.6
56.5,36,3.3,1,0,70.4
32.9,82,3.4,0,0,36.7
38.2,39,0.4,0,1,61.8
42.4,21,0.8,0,0,34.8
80.1,74,1.6,1,1,150
42.5,32,1.4,1,0,62
51.3,41,0.3,1,1,38.8
60.8,82,3.6,0,0,51.8
38.2,66,0.8,0,1,93.7
48.9,38,1.2,0,0,63.5
22.3,79,1.1,0,0,52.1
44.5,35,1.2,0,0,67.5
39.5,83,2.3,1,0,36.9
32.8,66,1.2,0,1,62.5
39.2,23,0.6,1,0,47
55.4,41,2,1,0,29.4
50.4,66,2.5,0,0,20
35.7,70,0.4,1,0,21.5
31,27,2.7,0,1,42.7
46.1,22,0.7,0,0,93
68.3,70,1.4,1,1,100.9
25.6,72,1.2,0,0,31.6
61.5,32,0.6,0,1,33.6
49.2,67,2.4,1,0,55
79.8,21,3.1,1,1,142.3
43.2,78,1.5,0,0,25.6
72.4,55,2.9,1,1,79.3
49.6,49,2,1,0,51
81.2,56,7,1,1,125.8
57.5,36,2.4,1,0,40.4
43.9,60,2.7,1,0,34.3
52.4,34,1.5,1,0,50.8
46.2,46,1.1,0,0,47.6
44.7,26,0.6,1,0,78.6
41.6,48,0.4,1,0,41.8
29.4,47,0.5,0,0,44.5
50.2,55,1.9,1,0,81.7
44.4,43,1.7,1,0,26.4
44,51,0.5,0,0,74.5
54.2,48,0.7,1,1,62
46.6,50,0.7,1,1,26.8
38.2,48,2.7,0,0,28.9
48.7,25,1.8,1,0,72
53,30,1.4,0,0,57.8
59.7,32,2.7,0,0,36.7
54.4,64,2,0,0,71
43.8,38,1.2,1,1,97.4
47,18,1,0,1,58
50,20,4.8,1,0,40.9
44.8,19,0.8,0,0,103
63.8,76,6.1,0,0,61.7
46.7,22,3.8,1,0,22.3
68.6,32,6.1,1,0,34.5
76.4,26,1.6,1,0,142.6
63.9,45,0.6,1,1,26.6
67.7,20,5.9,0,1,114.2
59.5,21,1.1,1,1,94.7
39.4,75,5.2,1,0,35.3
51.8,35,1.4,0,1,103.4
62.3,46,1.4,1,1,52.5
43.1,28,0.2,1,0,64.1
38.5,83,0.9,0,1,73.7
55.9,77,2.4,1,0,98.3
51,57,2.2,0,0,150
36.8,41,1.4,1,0,20
35.2,49,1.6,1,0,62.2
51.7,40,1.6,0,1,106.4
60.7,39,1.5,1,1,70.6
40.9,84,0.3,0,0,99.1
44.6,22,1.4,0,0,35.2
50.2,31,3.2,0,0,49.2
56.7,19,2.6,1,0,38.1
56.6,27,2.5,0,0,26.3
66.1,19,2.1,0,1,93
42.1,48,2,0,0,25.8
70.1,30,0.9,0,1,150
48.1,67,2.3,1,0,43.8
76.5,64,5.2,1,0,82.8
64.7,38,3.2,0,0,52.3
50.9,44,0.8,0,0,24.7
57.5,41,2.6,0,1,57.1
37.7,45,2.3,0,0,61.2
55.1,44,2.5,1,0,55.3
66.7,76,4.6,0,0,93.6
64.9,31,2.8,0,0,102.8
63.4,77,2.3,0,0,81.4
27.5,35,0,0,0,56.3
41.1,76,1.7,1,0,38.9
47.9,38,2.8,0,1,53.2
27.3,73,0.2,0,0,20
53.4,22,2.1,0,0,20
51.3,80,1.4,1,0,50.9
55.4,43,0.3,1,1,43.3
46.2,34,1.7,0,1,46.7
59.5,56,0.6,1,1,48.1
45.8,48,1.3,0,1,90.8
27.4,83,0.2,0,0,27.8
67.5,65,0.7,1,1,78.5
55.1,56,0.9,0,0,96.3
34.9,71,2.1,1,0,36.1
61,81,5.4,1,0,55.5
43.4,32,0.6,0,0,77.5
64.3,34,1.6,1,0,111.1
60.5,49,2.5,0,0,98.1
49,31,1.8,0,1,39.9
54.2,45,3.1,1,0,58.3
40.6,18,1.8,0,0,34.7
62.6,43,1.9,0,1,73.6
45,37,0.8,0,1,53.4
61.3,67,0.9,1,1,124.1
62.9,40,1.3,0,1,99.4
63.1,77,3.9,1,1,86.6
57,24,1.5,0,0,91.8
65.6,28,3.3,0,0,63.5
63.1,37,2.8,0,1,101.7
55.2,81,1.7,1,1,97.8
37,83,0.3,0,0,41.5
43.4,54,0.2,0,1,89.7
42.9,49,1.7,0,0,35.9
68.6,27,2.7,0,1,123.9
73.9,51,7,1,1,54
43.1,42,1.6,0,0,20
23.2,73,0.6,1,0,20
68.6,70,4.2,1,1,102.1
88.5,24,3.8,1,1,99.1
39.8,39,2,0,0,36
33.2,80,2,1,0,98.7
38.6,84,1.2,1,0,20
35.3,75,2.4,0,1,37.7
40.7,85,0.1,0,0,90.4
45.7,65,1.6,0,0,70.6
45,25,2.6,0,0,20.4
68.2,38,5.1,0,0,36
58.6,79,1.5,1,1,50.2
56.3,72,3.5,0,0,49.7
50.8,70,4.7,0,0,49.5
39.6,79,2,0,0,34.2
68.8,40,1.3,1,1,32.2
54.4,31,3.3,0,1,46.5
50,46,2.8,0,1,63.9
40.4,23,1.5,1,0,70.1
62,81,3.2,0,1,150
50.5,78,2,0,0,78.7
28.4,52,1.2,1,0,73
48.2,68,1.6,0,1,113.2
44.6,28,1.7,0,1,83.5
39.5,75,4.7,0,0,46.7
51.8,71,1.3,1,0,60.4
55.1,19,2.8,0,0,41.9
54.6,36,2.1,1,1,56.7
70.1,66,7,0,0,55.3
66.1,38,3.5,0,0,90.4
50.5,33,1.5,0,1,105.3
36,38,0.9,0,0,39.8
49.4,24,2.2,0,0,99.2
41.9,82,4.6,0,0,20
40.7,30,3.4,1,0,61.3
32.7,32,0.9,1,0,20
40.4,57,1.7,1,0,28.1
41.7,42,0.8,1,1,71.8
48.1,69,1.3,0,1,52.4
43.6,28,1.3,0,0,56.4
14.9,56,1.1,1,0,37
41.6,30,2.1,1,0,38.9
40.2,34,1.3,0,0,42.3
41.3,51,0.6,0,1,63.7
51.1,61,2.7,1,1,66.3
38.5,19,0.9,1,0,28.5
57.3,35,2.7,1,0,38.9
47.2,50,0.4,0,0,62.1
33.9,44,1.2,1,0,42.1
29.4,74,0.7,0,0,43.2
45.3,43,2.9,0,0,35.5
45.1,31,1.5,0,0,123.4
50.2,69,3.9,1,0,34.9
50.1,36,0.7,0,0,66.8
54,45,2.8,1,0,21.2
39.7,33,1.6,1,0,22.5
40.3,53,1.3,0,0,62.4
47.3,36,3.6,0,0,49.4
33.8,45,1.6,0,0,22.1
49.6,22,2.4,1,0,56.7
53.1,20,4.7,1,0,85.4
56.1,37,1.1,0,1,58.6
29.5,27,0.3,0,0,48.1
44.7,31,1,1,0,60.4
33.8,72,2.6,1,0,57.9
38.2,59,0.6,1,0,43.1
53.6,45,2.5,1,0,49.1
44.9,57,0.7,1,0,79.3
50.4,41,2,1,0,23.4
46.5,78,3,0,0,93.6
58.6,60,0.5,1,1,39
44.1,39,2.2,0,1,54.7
75.7,41,1.2,1,1,121.2
63.9,22,0.8,1,1,96.1
74.6,61,1.6,1,1,53.9
35.7,71,3,0,0,31.7
46.6,47,0.6,1,0,30.8
39.6,32,0.6,0,1,53.9
64.5,83,2.8,1,1,97.1
42,67,1,1,0,59.1
48,73,1.6,1,0,70.7
46.8,29,0.1,1,0,82.5
56.3,76,3.9,1,0,43.8
51.7,80,2,1,1,37.5
55.5,44,1.4,0,1,68.3
74,34,1.3,1,1,106.4
51.4,75,1.9,0,1,106
44.5,49,3.4,0,1,37.2
46.4,49,0.9,0,1,51.9
62.4,44,2.1,1,1,73.7
38.5,76,1.2,0,1,83.6
41.9,74,1.1,1,0,77.5
51.4,36,2.5,0,0,39.8
64,30,2,0,0,70.9
50.9,27,3.2,1,0,72
44.4,68,1.9,1,0,37.8
65,35,3.8,1,1,58.1
58.3,45,1.1,1,0,48.4
40.6,84,1.6,1,0,50.8
58.5,46,0.8,0,1,150
44.9,40,2.7,1,0,33.4
34.6,31,0.7,1,0,59.2
32.9,33,0.2,1,0,40.5
48,81,2,0,0,97
35.8,42,1.2,0,0,35.6
43.9,72,0.1,1,1,38.4
32.7,48,1.7,1,0,46.6
40.1,52,0.8,1,0,54.5
40.4,48,1.8,0,0,20
48.5,30,1.7,1,0,69.4
63.7,61,3.5,0,0,43.8
48.1,83,0.2,1,1,27
44.2,50,2.1,0,0,27.7
46.1,85,2.9,1,0,20
71.6,44,5.5,1,0,40.3
49,80,2.1,0,1,60.7
38.7,77,2.2,0,0,50
30.3,77,0.8,0,1,60.4
47.2,49,1.6,1,0,38.7
43.8,22,1.2,1,0,26.6
50.5,78,1.9,0,0,49.7
54.5,62,1.9,1,0,67.2
57.5,19,1,0,1,130.6
25,80,1.6,0,0,29.9
40.7,70,1.8,0,0,36.3
27.1,76,0.5,0,1,88.2
36.5,76,2.6,0,1,44.3
39.5,37,1.7,0,0,48.6
47.7,40,0.8,1,0,36.1
57.6,62,2.6,1,0,112
40.3,77,1,1,1,75.1
43.6,21,6.4,1,0,25.1
64.7,57,4.9,0,0,87.5
40.5,51,1.2,0,0,36.7
55.7,67,0.8,1,0,132.8
65.9,62,5.6,0,1,77.1
30.2,55,0,1,0,44.5
46.8,83,0.5,0,0,56.9
47.6,50,0.9,1,0,33.1
57.4,60,1.1,0,1,70.7
60.5,29,1.2,0,0,105.5
48.7,67,0.9,1,1,96.6
44.6,63,1.7,1,0,21.7
47.2,45,2.4,0,0,27.6
36.9,73,0.4,0,0,48.6
59.9,48,2.6,1,0,97.8
45.7,37,3.5,0,0,33.9
54,80,1.6,0,1,144.8
43,45,0.4,0,1,41.9
63.9,30,0.7,0,1,56.5
59.9,41,3.1,1,0,71.4
48.1,20,0.6,1,0,82.8
53.4,51,1.9,1,0,80.5
58.6,40,1.2,1,0,54.7
73.3,66,4.5,0,1,82.9
47.6,24,1.5,0,1,47.1
47.4,30,2,1,0,46
57.2,23,0.4,1,1,105
34.1,67,0.7,1,0,62
59.7,57,4.5,0,0,67.3
46.8,64,2.4,0,0,57.6
46.1,80,2.8,1,0,23.3
45.7,55,3.5,0,0,24.7
42.7,40,3,0,0,38.1
50.5,50,1.4,1,0,96.7
52.8,74,1.4,1,1,42.6
45.5,80,2.6,1,0,129.3
49.6,75,3.5,0,0,56.1
42,32,1.6,1,0,55.5
45,27,1.5,0,0,20.2
49.5,51,2.7,1,0,27.8
38.8,52,0.2,1,1,60.9
30.5,73,1.9,0,0,28
45.3,81,3,1,0,56.3
70.1,33,3.9,1,1,109.4
79.6,20,0.7,1,1,103.3
34.8,57,0.1,1,0,49.2
41.3,45,2.7,0,0,25.8
48.7,25,1.7,0,1,150
43.1,40,2.5,1,0,20.4
39.1,58,1.2,0,0,35.6
40.5,56,0.8,0,1,82
52.6,30,2.2,1,0,41.8
46.6,45,2.6,0,0,84.9
69.9,66,3.2,1,1,34.9
40.5,76,1.2,0,0,49.6
43.5,76,1.6,1,0,54.6
58.9,83,1.1,1,1,73.2
55.1,65,0.1,0,0,78.1
79.6,53,1.2,1,1,150
59.6,61,1,0,1,99.7
45.6,45,0.9,0,0,52.5
46.1,76,2.3,1,1,62.1
48.1,77,3.9,0,0,48.1
72.3,36,2.5,1,1,87.1
56.4,69,4,1,0,36.8
38.9,43,2.9,1,0,20
47.6,36,1,1,0,50
41.7,69,0.4,0,0,29.5
42.7,29,2,1,0,57.2
67.4,23,4.5,0,1,67.9
63.9,53,3.2,1,1,51.6
48.5,51,1.6,0,1,41.7
59,33,2.5,1,0,65.9
46.6,23,0.8,1,0,31.4
55,46,1.9,1,0,81.5
71.5,32,3.5,0,0,100.5
25.9,83,0.7,1,0,20
51.3,80,4.2,1,0,80.6
60.2,52,1.6,1,1,41.7
54.5,31,3.9,0,0,48
48.8,66,2.5,1,0,74.7
62.6,42,2.6,0,0,75.2
26.7,82,1.2,0,0,64.9
66.5,39,2,1,1,53.7
44.2,62,2.7,0,0,42.4
48.8,55,2,0,0,76.6
67.9,40,2.2,1,1,49.3
36,66,0.6,1,0,31.8
55.7,61,1.6,0,0,89.6
54.9,33,3.5,1,0,54.2
67.8,39,1.8,1,0,98.8
37.1,33,0.8,0,1,27.8
46.7,53,1.3,1,0,78.6
70.6,47,1,1,1,107.2
53.4,79,2.5,0,0,46.7
26.7,42,0.3,0,0,42
42.2,65,0.6,1,0,54.6
30.2,61,1.2,0,0,32.7
43.8,81,1.7,0,0,103.5
53.9,58,2.5,1,0,56.5
65.4,49,2.9,0,1,55.5
56.1,63,0.9,1,1,36.9
65.4,74,2.1,1,1,97
39.6,37,0.8,0,0,59
60.5,34,1.4,0,1,22.2
63.1,84,2.7,0,1,150
43.4,73,5.3,0,0,74.8
60.8,46,0.8,0,1,28.7
69.5,64,1,1,0,65.5
41.2,23,0.5,0,0,37
24.2,81,2.2,1,0,39.2
28.2,68,0.5,0,1,33.6
60,38,1.2,1,1,32.8
51.3,42,2.4,0,1,71.4
49,51,2.5,1,0,52.7
41.2,76,0.6,0,0,56.7
54.6,41,3.3,1,0,23.5
65.4,66,2.9,0,1,35.7
54.5,28,1.9,1,1,33
51.6,59,1.4,1,0,42
53,31,0.4,1,1,80
63.3,38,2.6,1,1,34.2
37.4,18,3,1,0,26.2
76,83,2.9,1,1,150
39.2,19,1.8,1,0,28.8
41.7,76,1.5,0,0,39.9
47.5,35,1.9,0,0,84.6
59,29,1.5,0,0,42
51.4,43,7,1,0,28
32.5,46,0.4,0,0,21.3
43.7,78,4.6,0,0,81.2
53.1,50,4,1,0,30.1
44.8,46,2.9,1,0,28.9
69.3,60,3,1,1,150
57,47,1.7,1,0,69.7
46.1,60,0.6,1,0,49.7
29.4,26,0.7,0,0,44.8
46.5,81,1.2,1,1,33
53.8,22,1.6,0,1,53.1
43,59,1.5,0,0,52.4
50.5,56,1.5,1,0,56.3
45.7,44,0.7,1,0,44.8
41.8,47,0.7,0,1,34.4
42.4,64,2.4,0,0,29.5
58.3,61,2.1,1,1,71.3
36.9,56,0.9,0,0,68.2
44.2,64,1.6,0,0,75.1
46.1,41,0.4,0,1,32.1
55.5,67,3.6,1,0,50.5
18.5,83,0.4,0,0,30.3
61.9,32,2.1,0,1,150
42.3,22,4,1,0,45.2
42.6,33,0.5,0,1,63.8
44.2,51,2.7,1,0,39.9
44.5,20,1.7,0,1,50.8
41.7,48,2.4,1,0,85.3
42.6,57,1.7,0,0,82.2
58.5,36,0.6,1,1,88.6
60.7,19,0.4,0,1,128.4
55.6,64,1.4,1,1,61.2
40.2,45,0.3,1,0,43.6
29.9,25,1.1,1,0,20
40.9,23,3.6,0,1,44
49.8,66,2.5,0,0,21.2
45.4,59,0.9,0,0,58.4
64.5,71,2.7,0,1,75.6
45.7,20,1.6,0,1,90.2
30.3,18,0.6,0,0,57.6
42.6,65,3.3,1,0,44
73,38,4.3,1,1,93.8
47,22,1.6,0,1,74.1
47.6,49,1.8,0,0,53.8
42,76,1.3,0,1,71.4
52,75,3.7,1,0,81
63.7,26,1.1,1,1,104.6
45.8,47,0.8,0,0,44.8
36.5,79,1.2,1,0,40.3
44,75,2.1,0,1,65.6
57.3,39,2.2,1,0,48.3
59,69,6.7,0,0,45.6
20,84,0.1,1,0,34.3
42.5,28,0.4,0,0,52.2
35.7,57,0.3,0,0,97.2
68.9,23,2.4,1,0,30.5
53.5,56,1.9,0,0,57
40.3,41,1.3,1,0,35.5
60,42,1.6,1,1,88.8
57.1,73,4,0,0,88.9
37.4,78,2,1,0,108.3
53.4,48,3,1,1,27.2
47.4,79,2.8,1,0,53
62.3,30,2.8,0,1,121.9
76.2,49,7,0,1,32.5
37.4,39,0.6,1,0,77.1
51.9,56,0.1,1,0,130.4
53.8,60,3.8,0,0,42.8
40.1,26,1.1,1,0,36.4
27.4,44,0.6,1,0,40.6
48.4,58,2.5,1,0,45.9
44.3,78,0.2,0,0,72
47,41,1.4,1,0,83.3
46.8,82,4.9,1,0,69.6
55.2,23,2.9,0,0,49.9
77.5,67,3.5,0,1,137.7
47.3,36,0.9,1,1,29.6
43.1,81,1.4,1,1,68.5
29.1,79,0.6,0,0,65.4
49,49,0.8,1,0,55.5
54.6,42,3.4,0,0,43.1
21.6,43,1.4,1,0,65.2
50.9,53,1.1,0,1,71.7
40.4,64,0.7,1,0,34.5
46.3,28,0.6,0,0,84.6
46.7,37,1,1,0,53.8
43.2,65,2.1,0,0,50.3
50.3,18,3.1,1,1,60.1
60.3,30,4.2,0,1,62.4
48.8,20,0.3,1,0,51.3
47.6,31,1,0,0,37.4
50.1,41,2.4,0,0,109
61.1,44,1.5,1,0,64.8
42.3,42,0.9,0,0,51.5
59.2,54,1.6,0,1,84.4
66.4,61,2.5,1,1,129.4
52.6,58,1.4,1,1,60.7
50.9,74,1.9,1,0,150
43.8,48,0.3,0,0,37.3
43,49,0.9,0,0,24.5
41.2,84,2.4,1,0,131.4
53.8,56,3.8,0,1,74.1
41.6,36,1.8,0,1,35.3
65.3,49,1.5,0,1,150
55.6,50,2,0,1,43.4
45.2,20,1.5,1,0,34.6
49.6,79,3,1,0,66
44.8,68,1.6,1,1,47.4
69.4,38,0.6,1,1,95.1
35.5,72,0.9,0,1,41.8
33.9,51,1.1,1,0,27
54.1,74,1.6,1,0,112.7
29,80,0.7,1,0,51.4
63.5,21,2.4,1,0,74.4
62.8,63,3.2,1,1,61
34.6,82,1.5,1,0,30.1
49.6,30,0.1,1,1,20
68.9,31,2.8,0,1,74.6
54.5,42,3.9,0,1,47.1
45.5,28,0.1,0,0,117.5
46.2,47,0.7,0,0,79.6
45.5,73,1.6,1,0,42.3
47.9,58,2,1,0,29
45.4,81,3.5,0,0,74.8
55,66,0.7,1,1,102.7
44.6,55,0.2,0,0,91.1
38.8,71,2.7,0,0,27.5
61.3,84,4.5,1,0,135.6
45.8,55,1,0,0,99.9
57.1,25,1,1,0,62.9
29.7,79,1.4,1,0,24.4
66.1,75,3.2,0,1,150
51.2,84,3,1,0,42.4
58.4,49,0.2,1,1,84.8
44.2,74,1.2,1,0,23.2
65.9,62,5.9,0,1,40.2
40.2,72,1.6,1,0,42.4
47,68,2,0,1,48.2
65.1,37,4.7,1,0,84.1
52.9,63,2.7,0,0,21.4
75.7,35,1.3,1,1,102.8
46.1,72,2.7,0,0,20
49.6,81,3.5,0,0,97.3
65.8,50,1.4,0,1,150
46.2,51,1.9,0,1,63.4
52.9,66,3.8,0,1,63.1
49.8,76,1.2,1,0,85.4
48,47,3.1,1,0,68.1
48.1,37,1.8,1,0,26
56.3,67,2,1,1,150
51,77,0.7,1,1,43.3
39.8,54,0.6,1,0,46.7
47.5,36,2,0,0,28.9
49,55,1.2,1,0,50
37.2,53,2.3,1,0,63.7
60.1,46,1.2,1,1,70
25.8,81,2,1,0,42.9
73.4,23,1.1,1,1,134.6
74.9,62,1.3,1,1,148.8
57.9,30,0.7,1,0,43.5
18.4,84,0.7,0,0,21.9
51,37,2.5,1,0,55.7
62.9,30,1.8,0,1,96.7
40.2,82,4.3,1,0,20
74.3,32,2.5,1,1,150
31.5,70,0.2,1,0,50.9
46,83,1.8,0,0,59.9
37.4,58,0.8,1,0,49.1
45.6,31,0.2,1,0,49.2
27,71,0.2,1,0,31.7
44.4,47,1,1,0,85.7
36.3,32,1.1,1,0,37.7
31.4,49,0.2,1,0,55.5
53.5,27,2.5,0,1,49
52.9,50,1.6,0,0,50.7
51.1,67,0.7,0,0,27.8
42.2,53,1.6,1,1,73.7
79.7,40,5.5,1,1,89.4
63.3,64,3.3,0,0,61.7
42.8,67,1.4,0,1,32.4
81.8,46,4.1,1,1,150
60.7,42,3.4,0,0,30.9
34.5,62,0.5,0,0,83.5
35.3,37,0.8,1,0,64.7
32,85,1.7,0,0,35
41,38,1.1,0,0,68.8
66.6,62,6.5,1,0,83
41.4,71,2.5,0,1,39.3
36.3,60,0.4,0,0,59.6
48.1,44,0.6,1,0,38.1
64.9,35,1.7,1,0,89.9
69.8,42,1.3,1,1,62.7
45.3,36,0.5,1,0,39.9
50.4,41,1.2,1,0,30.1
68.1,41,3.9,0,0,70.8
42.7,33,0.6,0,0,58.3
45.6,57,1.1,0,0,42.6
65.2,80,4.4,0,0,141.1
64.7,53,2.6,0,1,88.3
52,47,3.2,0,0,56.9
39.5,71,0.6,0,1,62.2
45.1,57,1.3,0,1,24
63.1,49,1.7,0,1,36.9
69.8,70,3.4,1,1,150
61.3,43,2.2,0,0,139.7
46.2,42,0.9,0,0,41.2
50.6,35,3.1,1,1,44.7
69,39,6.5,0,0,54.9
28.8,74,2.3,0,1,44.8
42.8,81,1,0,0,85.7
40.3,76,2.9,1,0,32.7
41.2,62,0.3,1,0,84.6
52.1,31,0.8,1,1,45.3
39.5,27,2.9,0,0,35.6
46,50,1.4,0,0,37
47.9,28,1.2,0,0,47
43,71,1,0,1,20.5
68.7,61,0.5,1,0,123.2
49.9,40,1.7,1,0,20
46.4,56,1.5,1,1,65.2
38.6,43,1.8,0,1,40.4
43.1,82,0.8,1,0,44.6
49,39,4.2,0,0,42.7
73.1,67,3.5,0,0,110.8
32.4,30,0.6,0,0,29.8
61.9,62,3.8,0,0,56.8
24.3,81,0.4,1,0,42.7
40.1,61,0.5,0,0,39.8
63.5,62,1.7,1,1,125.2
56.9,48,1,1,1,34.5
50.6,18,3.4,0,0,76.4
47.6,26,0.8,1,0,109.7
42.7,55,3.9,0,0,33.2
66.8,35,5.9,1,0,50.5
48.9,28,1.7,1,0,119.9
48.1,34,0.3,1,1,38.5
52.3,56,1.9,1,1,37
39.2,52,1.1,1,0,42.2
67.2,26,2.8,0,1,122.8
47.1,72,2.3,0,0,26.7
66.5,64,1.6,1,1,64.7
59.1,55,2.9,0,1,65.6
64.1,66,3.9,1,0,127.1
36.5,54,1.8,1,0,91.5
70.3,60,1.2,1,1,143
64.2,55,0.9,1,1,58.8
37.3,65,1.4,1,1,20
54.3,58,3.3,1,0,78.9
49.5,83,1.3,1,1,74.4
47,56,2.2,1,1,63
59,29,3.1,1,0,82.5
68.8,20,3.1,1,0,74.3
32.8,25,0.3,0,1,52.1
30.4,71,2.3,0,0,20
58.2,72,1.3,1,1,96.8
45.6,32,2.4,0,0,54.8
49.9,24,1.4,0,0,54.3
64.4,51,1.5,1,1,85.2
74,65,7,0,0,53.8
47.4,22,3.9,0,0,20
36.4,25,1.1,1,0,36.1
28.2,53,1,1,0,21.1
39.7,57,2.1,0,1,29.7
54.3,40,2.4,1,0,58.7
43.3,84,0.7,1,0,44.9
65,69,0.7,1,1,130.6
63.8,22,2.6,1,0,31.5
47.7,71,2.3,1,0,50.3
58.3,43,2.5,0,1,58.2
73,79,6.1,1,0,77.5
37,77,0.3,0,0,49.4
46.4,68,1.8,1,0,28.3
65,69,4.3,0,0,53.6
30,73,0.5,1,0,46.4
59.8,78,1.4,1,1,75.8
54.1,43,2.5,1,0,35.3
57.1,35,5.5,0,0,34.4
49.8,49,4.9,1,0,33.4
32,83,1.9,0,1,29.4
34.3,27,0.7,1,0,36.8
45.3,77,3.4,1,0,42.5
64.5,50,0.8,1,0,46.8
60.8,74,2.1,0,1,84.9
63.6,59,1.3,1,0,35.3
43.1,33,2.8,1,0,60
32,83,0.9,1,0,43
46.1,36,0.7,0,1,47.1
55.7,20,2.2,0,0,20
56.2,19,0.3,1,0,25.9
68.8,21,3.5,0,1,150
19.5,29,0.6,0,0,20
31.5,61,0.7,0,0,68.3
60.5,28,3.8,0,0,20
36.7,42,1.5,1,0,27.4
43.7,61,1.1,1,0,72.4
47.2,60,3.3,1,0,61.1
41.4,44,1.2,1,0,38.8
34.8,58,2.3,1,0,49.8
56.4,25,1.6,0,1,38.3
51.5,37,1.3,0,0,37.1
41,63,2.1,0,1,67.3
41.4,84,1.9,1,0,56
53.6,25,1.2,0,0,89.9
56.2,25,2.4,0,0,50.9
50.8,36,0.7,1,0,60.9
35.2,66,0.2,1,0,51.6
50.7,69,3.1,1,0,57.9
38.7,24,1.6,1,0,42.1
52.8,45,1.6,1,1,75.1
39.3,36,1.9,1,0,37.5
64.7,31,4,1,1,75
53.8,79,2.7,0,0,27.2
56.8,50,2.2,1,1,53
43,83,0.8,1,1,38.2
46.5,23,4,1,0,30.2
66.7,31,3.9,0,0,58.9
51.5,57,1.6,1,0,136.2
48.1,23,1.3,0,0,56.3
37.8,84,4.4,0,1,30.9
65.2,18,3,0,1,30.9
57.5,53,2.7,1,1,75.3
71.6,63,6.9,1,1,67.5
48.2,52,0.8,1,0,30
64.4,66,1.3,0,0,116.8
44.9,35,0.3,0,1,85
30.4,72,0.7,0,0,33.7
76,26,2.3,0,1,128.5
79.1,35,1.4,0,1,116
45.1,39,1.3,0,0,61.6
44.8,22,2.4,1,0,24
56.9,33,1.8,0,0,22.8
47.9,85,0.9,1,1,107.1
45.5,58,3.5,0,0,58.9
48.1,25,0.3,1,0,43.5
42.9,59,2.4,0,0,53.1
30.8,56,1.2,1,0,34.1
49,33,3.1,1,0,40
50,44,0.5,0,0,58.5
44.4,71,1.6,0,1,137.3
53.1,25,1.7,0,0,89.9
32.4,74,1.5,0,1,78.5
60.9,45,4.3,0,0,47.9
56.3,63,1.5,1,1,46.4
43.1,19,0.4,1,0,49.4
40.9,57,2.4,1,0,55.3
44.7,60,1.5,0,0,50.8
37.2,72,3,1,0,27.3
34.6,66,2.6,0,0,34.5
59.4,24,2,0,1,70.6
45.3,47,0.5,0,0,70.9
26.1,71,0.8,1,0,40.6
50.9,22,0.9,0,0,118.6
58.5,30,2.7,0,1,61.1
79.9,58,5.3,1,0,98.4
60.9,68,1.1,1,1,41.5
53.1,48,1.4,1,0,32.9
42.2,57,0.3,0,0,79.9
68.4,49,1.4,0,0,119.4
37.3,71,1,0,0,25.7
32,66,1.6,0,0,95.9
38.3,77,0.5,1,1,81.8
56.5,21,1.8,0,0,60.4
40.1,23,1.9,1,0,28.6
60.7,47,1.9,1,1,95.8
24.1,73,0.1,1,0,53.4
36.2,25,1.7,1,0,37.9
43,71,3.6,0,0,38.1
40.3,78,2.9,0,0,38.3
68.2,39,1.2,0,0,90.6
43,29,0.4,0,0,29
60.7,60,2.7,0,1,102.3
54.5,58,1.5,1,1,35.5
39.5,20,1.7,0,0,57.2
43.7,36,0.8,0,0,43.2
46,70,0.4,1,0,62.4
49.4,57,2.4,1,0,90.2
47.1,51,2.5,0,0,53.5
28.7,43,0.3,1,0,29.5
60.9,37,2,1,0,68.2
44.7,47,1.1,1,0,54.5
54.5,73,3.7,1,1,28
45.7,79,0.7,1,0,47.7
59.9,31,3.2,0,0,28.5
37.1,72,3.3,1,0,77.6
61.8,50,4.9,0,0,68.1
54.6,24,1.1,0,1,69.7
41.2,79,3.1,0,0,69.2
42.1,42,2,0,0,79.7
48.7,69,2.8,1,0,46.5
46.6,46,3.6,1,0,36.7
59.8,72,1.8,0,1,78.9
68.7,21,5.7,1,0,63
42.4,69,1,0,0,105.3
47.3,44,1.8,0,0,25.1
41.6,55,1.9,1,0,43.9
43.7,30,3.1,1,0,30.5
43.6,78,1,0,1,40.8
66.8,50,3,0,1,72.6
51.5,50,3,1,0,52
55,59,0.3,1,1,150
33.2,63,0.1,0,0,60.4
55.2,43,0.9,1,1,60.1
55.5,38,0.8,1,0,36.6
53.3,69,0.4,0,1,150
45.7,37,0.4,1,0,72.5
50,54,1.2,1,0,74
54.9,28,1,0,1,91.8
46.7,50,1.2,1,0,45.1
52.4,22,2.4,1,0,60.3
41.1,27,0.4,1,0,43.3
23,63,1.8,1,0,22.9
47.7,30,1.6,1,0,78.6
36.9,25,0.3,0,1,31.7
52.9,50,3.4,0,1,27.1
53.8,77,2.5,0,0,102.2
27.9,76,1.6,0,0,46.5
43.5,74,4.8,0,0,20
41.7,74,0.9,0,0,58.9
54.3,69,2.7,0,1,150
57.5,61,0.7,1,1,81.7
54.7,28,2.5,0,0,32.4
50.1,75,3.7,1,0,54.6
56.3,36,0.3,1,1,73.6
45,82,3.1,0,1,86.1
54.6,45,0.7,1,0,112.6
34.8,81,1.6,0,0,90.3
45,81,1.9,1,1,63.1
55.8,22,2.9,0,1,57.5
58,61,2,1,1,93.7
60.6,76,5.7,1,0,60.8
38.6,83,2,0,1,33
100,51,6.8,0,1,150
43.4,59,1.2,1,0,40.8
63.7,31,2.2,1,0,58.4
48.5,73,0.3,1,1,35.3
56.3,70,2.7,1,0,62.4
38.9,39,0.7,1,0,47.1
49.2,32,1.6,0,1,61
49.8,69,4.1,1,0,49.8
52.1,67,2.8,1,0,28.1
58.4,49,1.4,1,1,45.8
24.6,24,0.6,1,0,33.9
60.4,58,4,0,0,56.4
54.9,69,3.8,1,0,70.6
65.4,23,0.6,0,1,79.9
46.9,60,0.4,1,1,120.2
29,75,1.3,1,0,46.2
39.1,57,2,0,1,36.1
55.6,20,2.5,1,0,47.9
53.6,38,3.2,0,0,37.5
43.1,85,2.9,1,1,67.6
67.6,57,6.1,0,0,24.8
44.2,81,1,1,0,34.8
54.5,33,1.4,0,1,64.9
37.2,74,0.7,0,0,21.3
40,71,0.4,1,0,81.5
51.1,44,1.5,1,1,54.4
56.8,48,1.3,0,1,56.6
45.1,56,2.5,0,0,29.7
37.4,41,0.9,0,0,132.8
37.3,30,2.6,0,0,76.5
52.3,50,1.1,0,1,81
47.1,75,2.4,0,0,28.1
52.9,84,5,0,0,67.9
43.1,41,2.8,0,0,24.4
56.5,35,0.3,1,0,72.6
52.9,59,0.1,1,1,107.4
78.1,29,5.3,1,1,39.8
18.7,39,1.2,0,1,40
18.8,82,1.3,1,0,36.5
47.8,62,0.6,1,0,47.5
49,78,2.4,0,0,23.5
41.5,52,1.5,0,0,23.3
44.1,30,0.9,1,0,37
44.3,57,2.6,1,1,45
66.6,44,2.2,1,1,150
53.3,84,4.7,0,1,42.4
63.4,42,1.1,0,1,96.9
43.4,38,0.7,1,0,79.7
58.3,54,3.7,0,1,79.2
33.4,54,0.6,0,0,50.5
37.6,19,0.7,0,0,25.8
55.6,44,1.7,1,0,20
37.2,42,0.9,0,0,32.6
56.6,19,1.2,1,1,44.5
48,36,1.6,1,0,56.3
44.5,55,1.5,0,0,34.4
42.6,83,1.8,1,0,59.2
27.7,83,0.6,1,0,39.1
33.8,24,0.6,1,0,42.2
51.3,28,1.5,0,1,20
71.7,44,3.4,0,1,147.8
61.5,76,3.7,1,1,26.5
53.5,73,4.7,1,0,44.4
43.5,50,1,0,0,74.2
34.9,73,0.9,1,0,63.5
56.5,52,1.7,0,0,62.4
65.6,80,4.1,1,1,69.6
38.7,78,0.4,0,1,65.9
44.9,44,2.4,1,0,86.2
56.8,31,0.3,0,1,86.3
25.5,63,0.6,0,0,29.1
67,51,1.7,1,1,96.9
49.3,68,2.1,0,1,49.4
37.5,71,1.4,1,1,32.7
54.1,43,2.4,0,1,55.1
54.6,63,4.6,1,1,42.9
45.7,51,0.7,1,0,78.9
63,55,1.1,1,1,135.7
30.8,32,0.7,1,0,47.6
26.6,56,0.3,1,0,63.6
29,27,0.6,1,0,40.9
60,85,2.3,1,1,74.7
57.3,73,2.7,0,0,61.7
62.9,59,3,1,1,43.5
28.9,80,2.7,1,0,21.2
51,72,2.1,1,1,20
38.2,64,0.9,0,0,39.5
47.9,59,1.1,1,0,36.6
27.2,24,0.4,1,0,20
38.9,54,0.9,0,1,102.3
56.3,71,1.2,0,1,55.4
82.7,54,7,1,1,103.3
63.2,83,4.4,0,0,86.8
66.9,48,3.1,0,0,38
65.8,63,5.1,1,0,86.6
41.8,77,1.3,0,0,78
41.9,40,2.9,1,0,21.4
50.7,78,3.8,1,0,67.7
58.3,67,3.4,1,0,60.8
43.2,64,2.1,0,1,50.7
61.8,76,3,1,1,40.2
44.1,57,0.7,1,0,44.1
82.5,28,4.4,1,1,150
47.1,61,0.2,1,0,66.9
42.8,44,2.4,0,0,53.8
49.8,33,1.7,0,0,100.2
41,54,2.7,1,0,27.3
56.5,47,0.4,0,0,66.5
61,41,1.2,1,1,58.3
50,79,1.1,0,0,40.6
50.9,82,4.7,1,0,31.8
39.7,41,0.1,1,0,52.2
61.1,40,0.7,1,1,52.4
55.9,33,3.1,1,0,69.8
58.5,72,5.3,1,0,72.6
57.3,37,0.8,1,0,144
50.5,62,1.9,0,1,99.3
46.7,19,1.9,0,0,42
37.7,83,0.9,1,0,56
54.4,67,0.5,1,1,52.6
46.7,28,0.7,1,1,57.8
54.1,64,2.7,0,0,58.6
37.9,57,0.7,0,0,51.2
63.3,46,2.2,1,1,38.6
44.9,38,1.6,0,0,57.6
52.3,64,1.4,0,0,66.4
52.9,76,1.3,1,1,89.8
40.2,27,0.6,1,0,117.4
50.5,69,3.1,1,0,46.7
40.3,70,1.5,0,0,38.8
50,73,1.2,1,0,84.8
63.3,20,2.5,0,1,150
70.6,37,4.3,1,0,74.5
35.3,26,0.9,0,0,46.5
39.6,49,0.6,0,0,78.9
46.5,29,0.4,1,0,47.7
58.7,31,1.7,0,1,72.9
53.1,33,0.5,0,0,64.4
20.8,39,0.2,0,0,26
74.5,47,2.8,0,1,20.3
54.5,85,1,1,1,150
57.3,43,4.7,1,0,82
56.3,73,2.5,1,0,60.7
44.4,32,2.7,0,1,25
75.1,31,3.5,1,0,150
65.8,25,2.5,0,0,88.6
57.5,27,2.8,1,1,42.7
43.9,57,0.4,1,0,59.9
48.9,19,0.1,0,0,75.1
29.6,70,3.3,1,0,29.4
84.5,41,7,1,1,53.1
49.2,42,2.3,0,1,53.4
45.5,64,0.9,0,0,35.5
39.4,74,1.4,1,0,24.5
45,46,1.6,1,0,24.4
38.5,78,1.9,1,0,33.9
48.8,29,0.1,1,0,76.3
60.4,55,1.3,0,1,55.4
53.7,47,1.8,1,1,49.8
46.8,61,2.7,0,0,35
38.9,71,2,1,0,40.6
74.3,71,5.3,1,0,37.5
52.6,76,1.6,1,1,92.5
23.6,52,1,1,0,20.1
60.8,23,2.7,1,0,79
50.1,37,0.9,1,1,59.5
49.2,81,3.3,1,0,29.4
40.5,70,3.3,0,0,44.2
57.9,75,6.6,1,0,68.5
31.8,83,1.2,0,0,48
64.3,41,2,0,0,81.2
74.3,64,2.3,1,1,150
31.8,35,2.2,0,0,31.5
37.6,70,3,1,0,32.6
44.8,75,1.6,0,0,24.1
51.7,82,2.4,0,1,118.8
40.8,25,1,1,0,24.5
38.6,32,0.4,0,1,69.5
53.9,78,3.3,1,0,65.6
41.6,20,0.2,1,0,68.4
65.1,71,3.9,1,1,49.7
43.9,67,0.7,1,0,29.3
31.5,55,1.7,1,0,20
58.7,84,5.9,0,1,89.4
64.9,19,3.8,1,1,82.1
64.4,38,2.4,0,1,53.1
48.8,42,0.1,0,0,91.3
66.9,71,3.7,1,0,107.4
45.3,52,0.9,1,0,150
42.1,59,1.6,1,0,33.1
55.3,50,2.7,1,1,50.3
63.5,34,2,1,1,34.7
54.3,27,1,0,0,89.5
58.3,50,3.2,1,0,49.9
48.1,75,0.2,1,0,113.3
53.5,23,1.7,0,1,54.4
58.3,51,2.8,0,1,38
58.6,77,3.7,0,0,64.5
40.1,66,1.2,1,0,58.5
74.1,24,2.8,1,1,84.3
74.5,61,5.9,1,0,47.2
47.4,77,1.4,0,0,62.7
50.4,68,1.5,1,0,64.1
47.1,80,4,1,0,37
52.5,65,1.3,1,0,69.8
44.6,25,1.5,1,0,34.2
68.9,79,2.9,1,1,94.7
46,27,1.1,1,0,52.5
54.7,83,3.9,0,1,69.8
53.9,35,2.6,1,0,32.7
55.6,51,4.5,1,0,52.4
38.4,20,2,0,1,39.9
43.9,48,1.3,0,1,50.5
41,74,0.5,1,0,49.6
42.3,72,2.8,1,0,69.8
64.5,49,2,1,0,128.8
42.8,32,0.5,0,1,52.7
41.9,52,0.6,1,0,28.6
53.1,27,2.8,0,1,56
38.9,82,0.6,1,0,57
46.1,84,1,1,0,39.7
20.5,81,1.6,1,0,54.1
36.3,68,1.3,1,0,29.9
51.9,23,0.2,1,1,67.2
38.6,27,1.9,0,0,27.8
43.8,55,1.9,1,0,27.5
54,76,1,1,1,90.7
61.1,48,2.4,1,0,92.5
19.7,79,1.7,1,0,34.1
42,56,2.2,1,0,53.3
32.9,29,0.5,1,0,42.7
53.5,34,2.2,1,0,63.6
46,40,1,1,0,108.5
52.5,25,0.4,1,0,58.9
36.6,81,1.3,1,0,59.3
27.5,75,0.4,1,0,71.8
33,24,1.3,1,0,34.7
83.9,23,1.5,1,1,146.8
48.1,73,1.4,0,0,130.3
58.7,20,0.7,0,0,102.9
63.5,66,1.2,0,0,86
40.8,52,1.9,1,0,66.1
38.4,82,1,0,0,49.7
50.9,46,2,0,0,46
33.7,64,2.1,0,0,20
64.4,57,2,0,1,68.9
30.6,82,1.4,0,1,47.3
45.4,78,0.7,1,1,96.5
48.4,19,2.5,0,0,49.2
63.9,31,1.1,0,1,145.3
49.6,20,2.9,0,1,48.8
33.1,63,1.3,1,0,23.5
68.5,40,4.3,1,0,112.5
36.9,40,2,0,0,42.9
53.4,43,0.3,1,1,44.1
83.9,38,4.2,1,1,78.9
49.8,68,2.7,1,0,89.3
30.4,72,1.6,0,0,31.7
33.5,78,2.6,0,0,32.1
66.4,78,6.8,0,0,44.4
39.7,51,2.8,0,0,45.6
51.7,50,0.4,0,0,81.7
76.7,47,0.9,1,1,150
45.2,83,3.3,0,0,40.3
41.4,39,3,0,0,53.5
42,41,0.6,0,1,49.5
34.7,84,1.2,0,0,29.6
33.2,66,1.7,0,0,85.8
69.9,78,2.6,1,1,95.9
45.7,65,1.6,0,0,49.2
45.5,71,2.1,1,0,37.9
57.4,65,4.8,1,0,56.5
53,61,2.6,1,0,37.6
45.8,76,3.3,1,0,39.3
57.5,73,3.1,0,0,61.6
54.3,19,2.2,0,0,88.5
42.6,49,0.9,1,0,70
42.9,74,1.1,1,1,49
37.3,69,1.6,0,0,46.9
39.7,24,0.9,1,0,39.8
57,20,1.7,0,1,82
39.4,56,1.6,0,0,23.6
33.7,46,1.8,0,1,48.8
46.2,73,1.6,0,0,29.8
92,38,3.4,1,1,123.4
47.3,78,2.6,1,0,94.1
61.4,45,3.8,1,1,61.9
44.3,54,0.4,0,0,55.8
59.3,42,1.6,0,0,46.6
58.3,20,0.8,1,1,36.7
66,73,3.5,0,1,126.1
38.6,67,2.8,0,0,59.1
55.3,50,0.4,1,1,81
50.9,23,1.8,1,0,48.1
42.7,37,0.8,0,0,27.1
46.1,43,3.1,1,0,31.7
44.3,39,1.3,0,0,27.2
46.3,48,2.4,1,0,56.1
55.5,27,2.5,0,0,45
39.1,82,1.1,0,1,80.7
44.6,59,0.7,0,1,29.6
50.6,23,1.5,1,0,27.2
50.1,69,2.1,1,1,113.3
53,68,3.6,1,0,53.2
36.2,85,1.3,0,0,139.3
45.3,49,1.2,0,1,81.3
42,52,0.7,0,0,80.9
51.6,79,1.5,1,0,93.4
43,72,1,1,1,35.3
43.1,56,0.9,1,1,35.3
44.6,68,1.2,1,0,79.7
38.3,76,1.1,0,0,67.8
47.6,77,0.8,0,0,95.7
83.1,43,5.9,1,1,150
48.2,35,3.2,1,0,52.5
41.8,71,0.9,0,0,58.2
38,23,1.2,1,0,25.3
53.7,52,1.8,0,1,51.5
69,20,3.6,1,0,106.3
55.9,44,0.7,0,0,116.7
54.9,75,1.8,0,1,77.4
51.1,38,2,1,0,66.6
46.3,64,1.5,0,1,130.9
39.6,48,0.8,0,0,36.2
38,54,0.8,0,0,26.7
36.8,70,0.2,0,0,42.5
49.9,63,3.2,1,0,49.9
35.6,51,1.6,1,0,75.2
75,18,5.9,0,1,109.2
55.6,75,2,1,1,83.2
67.4,31,2,0,1,140.4
55,40,1.4,0,1,84.9
25.7,64,0.8,0,0,32.3
44.8,71,2.2,0,0,33.7
41.5,58,1.8,0,0,54.2
49.3,80,2.5,1,0,60.5
49.9,24,0.8,1,1,21.8
51.9,21,1.8,0,1,60.1
43.8,51,0.3,1,0,68.9
74,68,3.2,0,1,102.4
46,71,1.6,1,0,35.1
40.5,82,0.7,0,0,95.4
18.9,81,1.3,1,0,51.3
45.5,30,0.9,0,0,37.8
45.6,59,0.9,0,0,71.5
35.7,83,1,1,0,110
32.1,77,0.7,0,0,37.6
52.1,20,2.3,1,1,61.1
64.2,32,2.9,0,1,70.1
43.3,77,1,1,0,42.1
81.3,44,0.1,1,1,143.6
65.9,28,2.6,0,1,31.8
56.1,57,3.7,0,0,21.7
60.1,54,3,0,1,26.3
48.4,60,0.5,0,0,65.5
64.3,27,3.2,1,0,27.1
43.3,35,0.5,0,0,51.6
63.7,65,2.5,1,1,26.2
57.8,22,3,0,0,63.4
44.1,48,1.7,0,1,95.7
42.9,48,1.2,0,0,84.1
48.1,45,0.5,1,0,21.3
71.6,26,1.4,1,1,97.6
60.7,52,0.3,1,1,35.1
43.9,24,0.9,0,0,20
46.3,81,1.1,0,1,49.7
45.5,45,3,0,0,42.7
74.9,46,3,1,1,114.3
61.6,57,5,1,1,51.6
55.7,78,0.9,1,1,55.9
41.3,57,1,0,0,75.5
40.5,82,1.3,0,0,50.1
42.8,75,4.4,0,0,52.3
49.3,70,0.9,1,1,36.7
43.6,28,1,0,0,53.2
55,46,1,1,0,28.2
26.1,25,0.7,1,0,66.4
26.7,81,0.6,0,0,46.9
32.9,29,0.8,1,0,50.2
55.8,37,1.6,0,0,105.7
36.2,74,1,0,0,47.5
29,54,0.6,0,1,50.6
69.1,29,0.6,1,1,88.6
59.1,39,3.7,1,1,31
45.9,73,4.4,0,0,31.4
38.4,55,0.5,0,0,32.8
43.7,66,1.6,0,0,76.7
42.2,53,0.5,0,1,55.2
43.4,19,0.8,1,0,45.8
39.8,21,0.2,0,1,42.1
60.8,65,6.7,1,0,40.2
54.6,45,2.7,0,0,51.7
37.5,74,0.8,1,0,45.9
58.8,53,3.1,0,0,92.8
39,59,1,0,1,56.3
72.1,40,3,1,1,56.2
28,45,1.1,0,0,72.3
52.2,45,1.1,0,0,92.2
47.7,53,1.1,0,0,83.3
56.8,53,0.7,0,1,115.4
48.7,61,2.6,0,0,20
54.6,70,0.3,1,1,84.7
54.3,42,1.3,0,1,32.5
28.7,74,1.6,1,0,43.4
56,68,4.7,0,1,52.2
43.3,57,4.3,0,1,48.1
50.1,78,1.6,1,1,150
38.2,35,0.4,0,0,54.5
47.2,76,5.6,0,0,81
50.9,43,0.4,0,0,73.3
57.7,18,1,0,1,70.6
46.5,66,2.8,1,0,91.8
45.6,84,1.6,0,1,122.1
57.1,54,4.1,0,0,24.1
43.6,32,2.6,0,0,30.9
43.9,45,2.3,1,0,32.2
34.7,69,1.3,0,0,24.7
50.5,61,1.5,1,0,64.7
26.2,63,1,0,0,20
46.7,19,1.8,0,0,28.2
35.3,55,1.4,0,0,33.9
48.3,82,0.8,0,1,121.8
40,36,1.4,0,1,58.3
54.7,71,2.7,1,0,20
45.7,81,1.2,0,1,73.5
67.5,42,3.4,0,1,133.3
57.1,46,0.8,0,0,103.7
53,42,0.8,0,0,35.1
61.2,20,2.2,1,1,87.5
36.8,61,1.5,1,0,30.2
54.1,54,1.9,0,0,91.4
35.8,39,1,1,0,64.4
41.4,84,0.6,1,1,66.6
58.6,46,2.5,0,1,74.5
41.1,33,1.1,1,0,26.9
57.1,45,3.7,0,0,59.5
56.9,72,4,1,0,97.3
57.6,36,1.4,0,0,71.3
41.7,76,0.6,0,1,91.1
46.7,82,3.5,1,0,59.9
37.5,38,0.4,0,0,30.3
66.6,59,3.5,0,0,27.4
69.2,29,0.4,1,1,150
44.1,67,0.6,1,0,33.3
41.8,72,0.4,1,0,75.8
33,62,0.9,1,0,49.9
48.6,55,0.7,0,0,47.9
47.2,57,1.2,1,1,34.2
32.9,67,0.9,0,0,70.3
41.9,52,1.6,0,0,44.3
41.8,77,3.7,0,0,57.3
40.8,61,1.9,1,0,52.1
30.5,71,1.1,1,0,43
63.2,61,5.1,0,1,121.2
62.6,60,2.4,1,1,49.2
46.1,39,1.5,1,0,33.8
40.6,32,2,0,0,52.3
40.3,21,1.9,1,0,103.5
46.7,37,0.9,0,0,41.7
47.8,54,1,0,0,51.7
41.8,72,2.9,1,0,53.1
32.9,24,0.9,1,0,47.1
51.3,61,2,0,0,29.3
50.8,25,3,0,1,62.6
63.2,50,0.9,1,1,43.4
39,80,1.3,1,1,53.8
54.4,53,0.6,0,1,69.4
45.9,47,1.7,0,1,81.4
60.3,32,1.2,1,1,54.1
37.2,52,1,1,0,43.3
47.8,39,3.2,1,0,20
52,33,1.7,0,0,77.3
50.6,29,3.2,0,0,39.8
54,33,3.1,0,0,29.7
69.4,61,3,1,1,73.6
44.9,67,0.6,0,0,81.6
53.7,61,0.8,1,1,71.8
42.2,31,2.8,1,0,21.6
47.5,38,1.4,0,0,31.3
47.9,70,2,1,0,103.1
46.1,77,2.5,1,0,62.9
50.7,33,1.8,1,0,96.8
34.9,83,0.1,0,1,65.4
46,35,2.6,0,1,39.8
43.5,62,1.1,0,0,21.2
45.2,35,0.5,1,0,82.7
49.5,75,2.3,0,0,70.5
39.4,57,1.1,1,0,32.9
50.1,21,1.8,0,1,66.6
54.1,39,0.8,1,0,25
61.1,65,0.8,1,1,54.3
22.8,57,1.4,0,0,35.3
56.8,34,3.8,1,0,100
46.3,32,1.4,1,1,38.2
47.5,36,0.9,1,0,69.4
50.7,44,2.8,1,0,20
43.3,67,1.3,0,0,80.6
42.6,55,0.5,0,1,25.6
63,19,1.5,0,1,136.7
23.5,30,0.9,1,0,39.5
56.3,35,0.6,0,1,82
50.8,34,2.7,0,0,43.4
33.8,43,0.3,0,0,27.4
35.9,83,0.9,1,1,64.3
61.1,69,1.6,1,1,87.9
33.5,32,1.2,1,0,22.2
100,31,6.3,0,1,117.4
54,51,0.5,0,0,82.5
57.9,38,1.4,0,0,74.6
63.8,37,2.4,1,1,31.8
31.8,65,0.7,1,1,53.2
44.4,50,0.9,1,0,24.7
61.5,46,3.6,0,0,76.3
60.3,62,4.2,1,0,67.7
35.2,34,0.7,0,1,42.1
58,82,1.1,1,1,45.3
29.4,25,0.5,1,0,52.7
61,46,2.6,0,1,82.4
61.7,36,1.1,0,0,101.9
40.4,84,4.1,0,0,116.5
56.5,68,1.4,1,0,68.4
32.6,43,0.2,1,0,54.2
44.6,53,0.4,0,1,63
68.2,26,1.9,1,1,47.3
63.8,73,4,1,1,96
41.6,22,0.4,0,0,45
49.8,44,0.9,0,0,30.3
56.1,68,5.8,0,1,24.1
60.6,55,1.8,1,1,80.2
45.4,25,0.7,1,0,34.4
39.4,57,0.7,1,0,106.1
33.4,71,3.6,0,0,40.3
49.1,51,0.1,1,0,91.2
70.6,57,4.6,0,1,41.9
32.7,60,0.7,1,0,53.2
38.9,26,2.1,1,0,47.1
50.5,55,3.3,1,0,37.4
69.9,82,3.2,1,1,103.5
37.7,70,1.1,0,0,40.9
66.6,42,0.7,1,1,49.7
45,18,1,1,0,80.4
76.3,25,2.2,0,1,150
49.1,29,0.3,0,1,150
55.3,46,1,1,0,82.6
35.1,75,1.1,0,0,50.3
60.8,79,2.2,0,1,103.8
72.3,47,6,1,0,42.7
65.8,72,3.3,1,0,60.2
42.7,51,0.8,0,1,53.7
48.2,35,2,0,0,75.5
33.6,26,0.9,0,0,39.5
68.6,63,0.2,1,1,98.9
53.8,78,1,0,0,48.9
47.3,48,0.2,1,0,128
48.5,42,2.3,1,0,29
59,36,1.4,0,1,142.7
57.4,56,1.3,1,1,97.9
84.3,24,5.6,1,1,102.8
50,81,2.2,1,1,59.1
38.7,23,1.3,0,0,44.5
73.9,47,3.9,0,1,143.6
53.2,64,1.4,1,1,138.1
69.7,35,4.1,0,0,47.3
35,72,1.9,1,0,54.5
27.7,83,0.8,0,0,27.7
46.8,70,1.6,1,1,114.5
45.5,83,2.8,1,0,76.3
47.7,54,2.8,0,0,44.3
36.9,35,0.2,1,0,54.9
58.7,67,3.4,0,0,58.1
60.6,85,4.4,1,1,77.6
43.5,50,0.6,1,0,25.3
60.6,28,1.2,0,0,93
30.6,68,0.3,0,1,83.3
41.2,79,1.3,0,1,22.1
61.5,67,1.2,1,1,61.5
49.3,55,3,0,0,57.1
65.2,26,3.4,1,0,90.8
65.5,50,1.3,0,0,47.2
35.6,26,0.8,1,0,20
33.9,20,1.7,0,1,101.7
77.8,35,4,1,0,150
50.6,48,2.5,0,1,38.4
35.9,41,1.1,0,0,34.5
20.2,65,1.1,0,0,20
55.2,77,1.8,0,0,60.1
50.2,59,4.6,0,0,33
52.8,32,3.7,1,1,36.3
37.2,53,0.8,1,0,61.3
17.7,80,0.7,1,0,20
62.8,71,5.1,1,1,35.6
46.4,71,1,0,1,35
52.7,19,3.2,1,0,47.7
63.9,44,1.3,1,0,149.3
61.9,51,2.2,1,0,124.3
55.6,54,1.6,1,1,55.9
60.6,54,2.4,0,1,99
49.7,58,0.4,1,1,73.2
49,32,1.6,1,0,51
43.5,23,3,0,1,49.5
36.9,27,0.3,1,1,57.6
61.7,57,2.3,1,0,116.2
37.7,31,2.9,1,0,20
38.9,69,2.1,1,0,58.4
38.3,78,0.9,0,0,66.4
51.3,52,3.1,1,0,55.4
44.9,42,3.2,0,1,40.6
59.1,44,1.4,1,1,133.2
40.8,84,0.7,0,1,44.4
66.3,50,0.5,0,1,90.5
68,26,1.2,1,1,150
56.6,23,3.9,1,1,31.8
65.4,64,1.5,1,1,60.6
53.8,43,1.3,1,0,83.5
22.8,61,0.3,1,0,44.4
45.2,45,4.9,1,0,52.1
49.8,36,2.2,1,0,56.1
47.4,36,0.8,1,0,53.3
49,39,3.9,1,0,38.9
46.2,26,0.6,0,0,45.1
50.1,77,1.7,1,1,107.5
35,63,0.2,0,1,43.9
56.1,66,1.2,1,1,42.5
59.8,30,3.5,0,1,150
60.8,46,1.7,1,1,47.4
52.6,45,1.9,1,1,71.9
34.7,62,0.8,0,0,52.4
27.1,78,1.2,0,0,21.2
42.7,44,0.5,0,0,42
76,58,2.4,0,0,96.4
70,80,3.9,1,1,30.8
68.7,30,0.7,1,1,133.3
39.2,19,0.5,1,0,51.4
45,25,1.9,1,0,34.7
42.9,63,1.6,1,0,25.2
67.4,52,4.4,0,1,47
64.7,69,1.8,0,0,51.2
41.5,29,1.4,0,1,43
62.7,51,3.4,1,0,70.1
31.2,81,0.3,0,1,61.7
52,78,2.7,0,0,21.1
45.2,29,1.2,1,0,96.1
67.7,49,1.9,1,1,31.6
45,52,0.7,0,0,64.5
57.7,72,1.1,0,1,96.6
45.4,50,0.9,1,0,58.1
54.1,79,5.3,1,0,40.1
37.9,51,0.7,0,0,44.2
63.6,58,1.5,1,1,116.1
57.4,67,1.2,1,0,20
74.4,23,5.7,1,0,37.7
68.5,29,7,0,0,48.6
44.5,66,0.3,0,0,73.5
42.5,27,1.5,0,0,45.6
83.8,61,3.7,1,1,150
32,73,0.5,1,0,69.5
43.6,28,1.9,0,0,47.9
55.2,26,3.5,1,0,72.9
54.6,48,1.9,1,0,82.2
32.6,55,0.7,1,0,56.1
48.4,75,1.4,1,1,54.9
52.6,78,3,1,0,84.5
62.5,79,3.3,1,1,35.7
54.2,29,1.9,0,1,78.8
45.1,23,2,0,1,32.5
46.8,51,1.9,0,1,111.4
53.9,73,1.9,0,1,37.9
54.6,75,2.3,1,1,89.2
71.6,37,3.3,1,0,144.9
39.4,45,1.4,0,0,20
66.3,45,3.3,0,1,87.1
65.9,30,1.3,1,1,150
20.2,72,1,1,0,41.5
38.5,29,2,1,0,28
47.3,56,3.6,0,0,22.3
57.9,19,2.2,0,1,68
59.1,47,1.9,1,1,81.9
55.1,30,0.7,1,0,34.1
87.9,63,3.2,1,1,148.4
55,74,1.4,1,0,89.3
30.9,30,0.6,1,0,20
43.1,44,1.5,1,1,65.7
65.6,20,4.2,1,0,62
34.4,75,2.3,0,0,36.8
36.1,31,0.5,1,0,37.1
44,82,3.6,1,0,56.2
51.5,19,1.5,1,1,31.6
63.6,19,3,0,0,89
55.1,62,5.1,0,0,28.3
54.9,72,1.7,1,0,34.1
48.6,28,1,1,0,63.6
59.1,60,0.4,1,0,128.6
50.5,85,0.6,1,0,78.5
28.8,76,0.5,1,0,36.4
40.7,67,0.2,0,0,62.6
70.8,19,3,1,1,150
39.5,36,1.7,0,0,52.1
42.4,57,1.4,0,0,48.5
37.5,32,1.3,1,0,51.1
40.2,20,2.7,0,0,35.2
53.9,21,2,0,1,86
40.1,32,1.2,0,0,30
67.1,49,2,0,1,106.5
61.8,59,0.7,1,1,76.9
31.9,84,1,1,0,34.9
62.3,55,6,0,0,42.3
61.2,29,3.7,0,0,55.4
52.1,22,4.4,0,1,91.4
61.6,64,3,1,1,80.6
44.4,83,3.2,1,0,72.3
52.7,73,1.6,1,0,80
34.5,73,1.2,0,0,79.2
48,24,1.1,1,0,46.6
48.6,63,0.3,0,0,90.8
58.8,20,4.3,0,0,29.2
68.1,35,3.6,1,0,111.1
62,31,2.8,0,0,107.8
64.9,60,5.3,0,1,25.1
57.1,67,3.2,1,1,41.6
33,80,1,1,0,52.7
53.8,45,5,0,0,43.5
28.6,49,0.9,1,0,27.4
24.4,79,1.8,1,0,33.4
49.7,32,4,1,0,30.3
44.5,62,3.8,0,0,20
39,70,2.9,0,0,47.2
56.4,51,2.9,1,1,76.6
40.3,41,2,0,0,59.2
28.6,72,0.9,1,1,58.7
62.1,30,1.2,1,1,113.4
53.2,50,1.7,1,1,20
70.1,52,2.4,0,0,150
37.8,80,3,0,0,28.9
36,20,1.8,1,0,54.7
49.5,82,1.5,0,0,126.7
71.8,41,3.2,1,1,37.7
51.6,78,1.2,1,0,31.2
31.8,50,0.7,1,0,54.8
54.3,51,1.5,0,0,99.4
31.8,84,0.5,1,0,20
59.6,22,3.2,1,0,49.6
59,61,1.4,0,0,75.7
52.5,43,0.7,1,1,79.8
42.3,49,1.2,0,1,58.4
62.5,48,1.6,1,1,52.1
76.8,46,6.6,0,1,106.8
53.1,47,0.7,1,1,38.4
65.6,35,3.4,1,1,39.9
41.2,56,1.2,1,0,52.9
40.1,24,0.9,1,0,43.9
53.8,64,5.2,1,0,97.8
44,79,0.7,1,1,35
39.9,60,0.6,0,0,68.9
41.4,66,0.4,0,0,73
47,64,3.7,0,0,44.7
50.4,68,0.6,1,0,130.1
55.3,21,0.2,0,1,117.2
37.1,82,2.2,0,1,48.2
46.8,32,1.8,1,0,47.8
44.5,76,2.2,0,0,61.7
41.1,85,0.7,0,0,76.1
85.9,27,4.8,1,1,81.5
22.7,61,1.2,0,0,45.2
56,70,3,0,0,78.5
61.1,60,1.8,0,0,150
58.2,79,2,1,1,82.7
38.4,37,0.4,1,0,20
43,22,0.6,1,0,90
35.6,77,0.8,1,0,54.1
43.3,34,0.6,1,0,35.3
54.5,24,1.7,0,1,45.2
69.5,74,3.7,1,1,52.7
75,39,2.8,0,1,96.4
74.7,24,5.6,1,1,40.3
49.6,54,3.8,0,0,31.4
40.9,58,1.8,1,0,27.7
31.9,60,0.4,0,0,22.2
42.6,65,1.1,1,0,35.7
51.1,40,1.8,0,0,50.1
54.3,56,0.8,1,0,62.9
50.6,30,0.3,0,0,46.4
73,35,2.5,0,1,110.4
50.8,43,1.8,1,0,118
42.6,80,0.7,0,0,80.1
66.4,40,3.7,1,1,100.1
79.3,46,1.6,1,1,146.6
39.3,19,0.5,0,0,38.3
71,63,3.8,0,1,124.8
52.5,43,1.2,0,1,44.7
47.4,29,2.2,1,0,75.6
61.9,39,1.9,1,0,42.2
41.9,73,2.3,1,0,31.4
53.7,59,3.5,0,0,59.8
77.7,25,3.2,1,1,86.2
52.5,72,1.2,1,1,30.5
34.6,85,1.4,1,0,54
69.7,62,3.2,1,1,140
61.1,85,5.6,0,0,96.5
54.7,50,4.7,1,0,58
38.5,65,0.6,1,0,69
53.6,64,2.8,0,1,74.5
38.6,48,2.1,1,0,59.8
29.3,83,1.1,0,0,44.6
62.1,83,7,0,1,47.8
51.4,32,2.1,1,0,57.4
45.7,79,3,0,1,77.6
70,61,2.2,0,1,150
44.5,27,1.4,1,0,47.8
43.1,62,1.4,0,1,26.3
36.7,47,1.3,1,0,55.6
46.2,53,1.5,1,0,122.2
28.2,79,1.8,0,0,103.8
34.5,27,1.3,0,0,54.9
40.4,65,1.6,1,0,47
55.4,39,1.1,0,0,73.3
71.1,42,0.5,0,1,150
45,41,0.6,0,0,81.6
40.3,52,0.4,1,0,90
69.7,34,2.2,0,1,150
48.2,47,0.4,0,0,94.5
45,60,2.3,0,0,25.3
43.1,28,0.6,1,0,38.7
54.3,57,3,0,0,55.7
43.2,39,1.5,0,0,52.4
47,84,3.7,0,0,95.5
63.9,32,0.2,1,1,150
53.8,26,2.5,0,0,100.9
43.2,47,1.7,0,0,60.3
59.9,32,4.2,1,0,58.6
44.9,27,0.9,1,0,33.8
44.4,57,2.2,1,0,21.7
60.9,40,2.7,0,0,28.1
63,49,0.7,1,1,112.6
38.2,23,0.8,1,0,50.7
40.3,49,1.5,0,1,63.7
54.1,66,1.7,0,0,81.5
56.8,60,0.8,0,0,114.7
52.6,53,3.7,0,0,24.6
59.1,62,0.5,1,1,73.3
42.1,22,0.4,1,0,37.2
52.4,53,0.9,1,1,74.4
37.8,59,4.1,1,0,45.6
40.8,76,1.7,1,0,23.8
77,40,5.8,1,1,66.3
64.8,21,2.5,1,1,108.6
41.2,50,2,0,0,20
39.5,66,2.1,0,0,71.2
48.9,83,0.4,1,1,150
50.7,72,3.4,0,0,66.8
59.2,61,2.6,0,0,100.6
60.9,43,1.7,0,0,117.2
47.7,68,1.9,1,0,85.2
45.3,24,0.9,0,1,59.6
47.2,57,0.3,1,1,64.3
61.3,48,2.6,0,0,150
62.8,36,0.2,1,0,88.1
32.5,26,1.8,0,0,65.8
56.9,42,0.6,1,1,51.5
57.3,56,1.2,0,1,95.9
52.6,62,0.9,0,1,71.3
42.1,68,1.5,0,0,39.8
55.3,25,2.1,1,1,53.2
34.9,79,0.9,1,0,41.3
49.1,31,2.8,0,0,30.1
61.1,78,0.3,0,0,39.3
35.5,84,0.5,0,0,50.2
34.9,80,3,1,0,102.7
63.4,35,1.7,0,0,111.4
58,33,1.4,1,0,33.8
32.2,41,0.3,1,0,23.3
55.8,61,0.6,0,1,139.9
45.8,71,1.5,0,1,92.5
53.6,66,0.7,0,0,45.7
41.3,80,1.6,1,0,58.3
51.1,71,3.4,0,0,82.6
73.1,26,2.3,1,1,72.6
43.4,84,1.6,0,0,54.3
58.6,59,3.8,1,0,41.9
33.8,62,2.1,1,0,59.2
28.4,68,0.5,1,0,101
73.6,61,2.1,1,1,59.6
40.8,65,3.9,1,0,57.2
56.8,50,1.4,1,1,38.6
47.7,77,1.3,1,1,40.2
67.1,35,3.2,1,1,45.2
58.1,78,1.9,1,1,53.4
55.4,50,0.6,0,0,91.6
43.5,85,0.9,0,0,59.2
42.9,57,2,0,1,46.5
73,36,1.2,1,1,106.9
37.6,33,3.7,1,0,20.8
54.7,48,4.2,0,0,74.4
54,23,1.4,0,0,79.9
66.2,82,3.8,1,1,81.1
45.8,41,0.8,0,0,73.6
51.8,72,1.6,1,0,138
53.9,78,2,1,1,93.9
34.3,30,1.8,1,0,23.4
55,67,1.4,0,0,73.7
44.6,55,2.6,1,0,38.7
59.5,59,1.2,1,1,63
72.9,28,2.2,1,1,97.3
35.6,79,1.2,1,0,80.6
36.6,34,0.6,1,0,22.4
50.9,36,1.6,1,0,42.2
49.4,72,1.2,0,0,32.8
51.9,80,1.8,1,1,70.8
48.1,25,0.5,1,0,82.1
48.4,78,0.9,1,1,51.1
52.4,68,3.7,0,0,37.7
40.7,44,0.7,0,0,37.8
54,62,2,0,0,50.9
43.7,23,0.4,0,1,31.6
46.5,42,0.5,0,0,38.1
34.1,34,1.7,0,0,61.9
35.7,82,0.6,0,1,71.2
37.8,83,1,1,0,35
43.9,67,1.1,0,0,78.7
48.7,25,0.9,0,0,43.6
57.2,20,3.4,0,0,91.8
55.5,70,0.9,1,1,86.8
40.4,47,1,0,0,26
38.4,81,0.7,0,0,66.8
68.7,43,1.7,0,0,89.6
46.5,41,0.7,0,0,90.9
60.2,71,2.3,0,1,30.1
70.7,56,2.9,1,1,82.3
49.5,51,2.4,1,0,26.3
58.9,46,1.9,0,0,89.1
57.1,41,2.3,1,1,62.6
19.6,85,1.8,1,0,23.5
30.6,28,2.7,0,0,32.4
48.2,42,2.9,0,1,54
47.5,75,3.4,1,0,20
30.7,63,1.4,0,0,61.9
46.5,49,1.7,1,0,31.7
27.4,29,0.6,0,0,55.3
53.7,71,3,1,0,60.2
78.1,55,2.5,1,1,51.4
43.8,44,0.2,0,0,39.9
46.7,75,3.3,1,1,43.7
42.9,81,2.6,1,0,31.3
38.1,18,1.7,0,0,26.6
49.4,29,1.2,0,0,38.1
44.2,69,1,1,0,124.7
50.1,25,1.7,0,0,113.7
22.8,76,0.4,1,0,66.7
66.3,55,3,1,0,37.2
52.8,21,1.4,1,0,45.9
53.4,46,0.9,1,0,92.3
30.8,69,1,0,0,37.4
53.3,54,1.2,0,0,23
52.9,38,1.5,1,0,53.1
33.7,43,3.7,0,0,32.3
45.1,72,3,0,0,28.7
59.1,52,2.3,1,0,92.5
39.5,70,1.3,0,0,78.8
48.3,61,0.3,0,0,44.7
50.3,49,1.2,0,0,68.1
58.7,47,3.5,0,1,43
47.5,53,0.5,1,1,44.3
81.2,37,1.5,1,1,110.8
65.4,38,1.2,1,1,58.1
69.3,70,2.4,1,1,94
28,18,0.8,0,0,29.3
39,22,0.3,1,0,35.6
61.5,33,1.8,1,1,107.6
46.3,67,2,1,0,32.2
59,66,4.3,1,0,118.8
48.8,45,0.6,0,0,70.7
40.9,50,0.9,1,0,52.6
52.4,60,0.9,1,1,30.9
51.4,49,2.8,1,1,22.7
36.8,68,2.7,0,0,75.2
52.6,34,1.2,0,0,113.6
71,35,2.5,1,1,101.6
55.5,61,0.5,0,1,37
36.6,35,0.3,1,1,46.4
39.3,26,1.1,1,0,33.2
44.3,84,1.5,0,1,109.6
48.6,37,0.5,0,0,40.5
25.2,63,1.7,1,0,58.9
26.7,69,0.3,0,0,48.2
38.1,75,4.2,0,0,65.3
58.4,47,3.4,0,1,40.4
64.9,41,3.3,0,1,111.5
63.2,50,1,0,0,89.9
57.4,70,1.1,1,0,73.2
36.2,52,1.2,0,0,47.9
51,40,2.6,0,0,119.5
32.4,80,0.8,0,1,74.4
42.7,36,1.1,0,0,34.7
38.5,81,0.6,1,0,89.7
66.8,68,3.6,1,1,93.6
43.3,50,1.1,0,0,32.6
58.6,40,0.7,0,0,83.3
52.1,78,1.6,0,1,79.4
50.4,40,1.3,1,0,121
48.6,23,1.7,1,0,24.4
38.2,80,1.3,0,0,49.1
58,18,2.3,1,0,84.7
38.8,21,1.5,1,0,71.3
47.8,58,1.9,1,0,31.4
28.8,31,1.9,1,0,30.3
34.8,60,0.9,0,0,64.7
30,75,0.9,1,0,31.9
42.1,25,4.5,0,0,20
38.3,45,0.3,0,0,55.7
33.1,43,0.9,1,0,42.2
68.7,23,2.5,1,1,30.8
46.6,78,2.6,0,0,32.5
71.3,44,1,1,1,118.2
40,35,2,0,1,54
50.2,24,1.2,1,0,25.8
59.1,41,0.4,1,1,131
67,24,5.5,0,0,31.6
45.8,50,3.1,0,0,32.1
68.8,57,3.6,1,1,53.8
50.2,56,2.1,1,1,50.6
38.5,32,1.2,0,0,37.2
45,74,3.2,1,0,40.3
43.7,78,0.4,0,1,91.3
46.7,49,2.4,0,0,45.4
54,74,2.3,1,1,106.4
39.9,59,0.4,0,1,45.8
29.1,35,0.8,1,0,36.4
40.7,32,2.9,0,0,21.7
52.2,44,1.4,1,0,20
47.6,44,1,0,0,54.9
47,35,1.5,0,0,35.1
24.9,19,0.1,1,0,39.5
56.2,38,1.6,1,1,37.9
49.8,67,0.7,0,1,105
50.5,63,0.7,0,1,123.1
70.2,67,3.7,1,1,86
47.4,76,0.1,0,1,30.1
54.3,65,0.4,0,0,84.1
45.9,24,1.9,0,0,80.1
48.9,68,0.5,0,0,32
67.6,85,4,1,0,67
38.3,26,0.7,0,0,29.4
67.6,37,4.1,1,1,62
58.3,63,1.5,0,1,150
77.8,38,2.5,1,0,79.4
39.4,54,2.4,0,1,62
49.8,33,0.3,1,1,69
48.2,55,1.8,0,0,35.9
22.4,84,1.3,0,0,35.6
46.4,64,0.7,1,0,46.6
41.5,82,3.2,1,0,50.2
48.2,59,1.8,0,0,25.2
36.3,54,0.4,1,0,60
31.1,68,0.7,0,0,30.8
38.2,77,0.2,0,1,88.7
68.3,47,2.6,0,0,104.7
44.6,31,1.3,0,1,46.5
43.3,40,1.2,1,0,72.2
55.3,78,5.2,0,0,90.9
42.8,21,0.4,0,0,71.5
80.6,31,3.7,1,1,79.4
34,48,3,1,0,27.6
38.9,82,1.4,0,1,107.8
39.3,61,2.2,0,1,38.2
54.2,47,3.1,1,0,43.8
51.9,58,1.1,0,1,50.8
25.3,45,2.3,1,0,30.7
51.3,57,3.5,1,1,38.9
41.8,61,1.9,1,0,81.6
33.2,81,1,1,0,24.2
45.2,21,1.3,1,1,101.6
63.3,71,1.9,1,1,89.2
41,67,1.8,0,1,52.4
61.7,58,1.6,0,1,80.6
52.5,21,2.5,1,0,89.8
75.9,52,6.7,1,0,114
41.8,40,0.1,1,0,24.7
52.4,84,1.6,1,1,111.2
57.9,49,3.6,0,0,31.5
53.8,45,1.4,1,0,49.5
66.4,51,1.5,0,1,123.2
41.9,69,2.9,1,0,45.6
62.2,44,1.1,1,1,53.7
40,62,1.2,0,0,39
50.6,46,4.2,0,0,34
53.7,32,0.8,1,1,50.9
40,77,0.9,0,1,37.9
39.7,39,2.6,0,0,53.7
58.3,69,7,1,0,62.6
54.3,53,0.5,0,1,65.6
44.7,47,2.5,1,0,30.6
53.7,63,0.8,1,1,75.4
66.2,46,1,1,1,121.4
49.6,33,3.8,0,0,40.1
51.2,77,2.4,1,0,84.5
35.8,83,0.5,1,0,38.7
49.6,35,0.2,1,0,36.9
43.6,20,0.5,0,1,56.3
42.1,70,2.1,1,0,20
58.1,76,3,1,1,124.6
29.9,83,0.6,0,0,33.2
40.7,34,2.2,1,0,37.7
66.7,66,5.7,0,0,52.2
40.1,27,0.5,1,0,38.4
60.4,19,0.3,1,1,90.8
53,28,3.1,1,0,71.5
36.8,83,0.1,0,0,44.3
79.3,48,2.1,1,1,125.5
38.5,71,2.2,1,0,62.7
59.6,36,3.5,1,0,46.4
53.3,37,2.7,1,0,81.9
49.1,22,1,1,1,65.3
33.8,80,2.1,0,0,43.1
32.7,71,1.8,1,0,45.8
47.8,20,2.2,1,0,22.8
48.8,85,1.7,1,0,39
35.5,31,0.6,1,0,26.3
81.4,25,7,1,0,94.5
74.1,67,2,1,1,85.7
36.6,63,0.7,0,0,70.1
54.6,71,0.5,1,0,150
81.3,25,4.3,0,1,148.1
90.4,22,1.1,1,1,129.8
30.9,41,2.4,1,0,37.6
48.2,71,1.1,0,1,117.9
50.1,48,4.8,0,1,40.4
69.7,56,2.8,1,1,67.1
40.1,53,0.3,0,1,47.5
44.3,79,2.8,0,0,24.5
72.5,29,4.6,1,0,79.2
71.1,48,3.9,0,1,69.5
20.5,18,0.7,1,0,22
31.8,82,1.3,1,0,27.9
30.3,85,2.9,0,0,37.1
73.8,62,4.6,0,0,125.1
29.7,47,1.4,0,0,40
82.2,48,5.5,0,0,83.2
61.5,59,4.2,1,0,20
43.8,62,1.1,0,0,59.6
46.2,65,2.8,0,0,75.7
27.3,78,1.3,1,0,26.1
36.8,68,0.5,0,1,40.8
47.6,39,1.5,0,0,47
72.1,23,4.1,1,1,61.9
27.6,36,2,0,0,42.9
67.6,41,4,0,1,65.4
46.9,57,2.1,1,0,47.1
42.4,69,0.3,0,1,52.5
52.9,48,1.7,0,1,35.6
49.9,27,0.8,1,0,90.6
30.2,71,2,0,1,95.4
46.9,72,0.4,0,1,75.6
46.6,56,2.8,0,0,57.9
46.9,70,2.3,1,0,64.5
39.9,64,1.3,1,0,47.6
67.3,62,1.5,1,1,150
69.5,43,3.6,1,1,94
47.9,20,2.9,1,0,45.3
42.3,30,1.9,0,0,20
60.8,40,0.9,0,1,71.8
76.9,34,1.9,1,1,109.5
51.2,50,2.8,0,0,47.7
58.3,32,0.8,1,1,79.5
42.9,48,0.8,1,1,23.2
40.1,55,0.3,1,0,88.2
51.7,47,0.6,1,1,102.1
66.5,57,1.9,1,1,55
68.6,67,2.5,0,1,150
54.1,42,0.6,1,1,68.3
43.9,39,0.7,1,0,23.3
67.6,44,0.4,1,1,135
23.3,29,1,1,0,23.2
41.4,74,1.5,1,0,47.7
57.1,37,3.9,0,1,75.1
49.1,25,2.3,0,1,82.6
42.9,82,2.7,1,0,42.4
33.1,75,0.6,0,0,21.6
72.6,20,0.8,1,1,144.5
36.3,65,1.2,0,0,32.2
51,40,1.9,0,1,35.7
44.3,65,2.1,0,0,22.5
65.5,78,2.7,1,1,104.4
70.8,54,1.8,1,1,43.8
50.4,62,1.3,0,0,92.7
44.2,46,1.3,1,0,43.8
78.2,22,7,1,1,39.9
50.5,66,3.6,0,0,27.4
61.3,25,4.6,1,0,92.7
40.8,54,0.8,1,0,63
37.7,34,0.4,1,0,56.5
53.3,24,0.7,1,0,76.8
47.6,80,1.8,0,1,35.6
47.1,53,1.5,1,0,110
39.9,28,1,0,0,26.7
60,18,0.4,1,1,147.6
65.8,48,1.3,1,1,57.7
45.5,47,0.3,0,0,49
67.1,64,5.4,0,1,62.9
61.9,72,3,1,1,86.8
50.5,39,0.7,1,1,51.2
58.7,18,2.4,0,1,86.2
57.5,48,1.3,1,0,110.3
45.3,52,1.3,0,0,99.9
37.6,23,1.9,0,1,64.8
49.5,40,1.1,0,0,51.2
39.8,84,2.2,0,0,101.3
61.9,26,2.6,0,1,93
49.8,56,4.2,0,0,32.6
69,72,2.2,1,1,47.6
48.6,40,4.2,0,0,28.1
45.5,47,1,1,0,38.7
46,43,2.5,1,0,55.4
71.9,82,2.9,1,1,101.5
40.9,54,1.6,0,0,37.6
63.1,77,3.5,0,1,131.2
48,76,1.6,1,0,33.9
50.4,24,0.8,1,1,25.1
42.5,73,3.8,0,1,23.1
40,59,1.1,1,0,31.8
44.8,20,0.5,1,0,40.2
50,54,1.3,1,0,43.9
70.5,26,1.5,1,1,103.4
52,84,3.1,1,0,34.7
47.1,78,0.5,1,0,44.2
58.7,19,0.9,1,1,95.4
38.7,46,1.9,0,0,44.9
68.1,41,1.4,1,1,71.6
37.4,74,2.1,1,0,35.7
40.4,85,2.8,1,0,32.8
54,49,2,1,0,53.1
52.1,54,2,0,0,44.7
67.7,33,1,0,1,150
64.1,66,0.5,1,1,51.7
44.8,29,1.7,0,0,29.5
62.3,22,1.4,1,1,132.7
57.8,47,0.4,0,1,77.1
63.8,48,1.6,1,0,77.5
55.3,55,1.7,0,1,70.6
54.3,30,2.9,1,0,80.4
45.1,24,0.9,1,0,98.9
34.6,81,0.4,1,0,41.1
53.6,26,1.2,0,0,39.4
84.5,29,6.4,0,1,91.9
41.4,72,1.7,0,0,47.1
48.7,64,1.1,0,1,53.5
51.8,69,0.9,0,1,60.3
43.4,74,1.7,1,0,35.7
47.4,58,4,1,0,64
43.6,23,0.7,1,0,76.9
44.1,25,0.3,1,0,20
41,68,0.8,1,0,48.2
53.8,28,1.4,0,0,86.6
41.6,28,1.8,1,0,24.9
45.6,81,0.4,0,0,47.5
45.9,81,1.3,0,0,27.6
33.7,62,1.6,1,0,35.5
40.3,50,1.8,1,0,70.2
60.1,45,1.9,0,0,108.4
45.7,30,1,1,1,93.3
50.9,84,1.5,1,0,53.6
35.4,65,1.2,0,0,38.3
64,61,4.4,0,1,79.6
49.3,27,2.7,1,0,69.5
51.8,33,0.5,0,1,56.2
40.6,68,0.7,1,0,21.1
31.4,34,0.7,0,0,20
51.3,43,2.8,1,0,21.1
55.5,30,3.1,0,0,60.6
38.6,40,0.7,1,0,64.5
30.7,84,0.5,0,0,52.5
60.6,30,0.9,1,1,150
48.3,41,0.3,1,1,105.8
36.1,63,1.9,1,0,75.4
52.9,71,0.6,0,0,28.4
42.3,39,1.5,1,0,69.1
35.6,54,0.4,0,0,36.2
51.5,69,1.4,0,0,129
55.8,59,3,0,1,72.5
61.2,36,2.8,1,1,38.1
64.3,61,1.4,1,1,150
47.1,20,1.1,0,1,27.8
49.5,62,5.4,1,0,64.8
58,62,3.3,0,1,87
39.6,54,1.5,1,0,27.3
58.6,40,3,0,0,27.1
41.9,24,0.9,1,0,74.3
54.9,38,2.9,0,1,70.4
42.2,78,2.4,0,0,70.9
60.4,40,1.4,1,1,44.4
41.2,56,1,1,0,28.7
52.5,35,3.8,1,0,69.3
40.7,68,3.1,1,0,28
63.3,68,4.6,0,1,56.3
44,48,1.2,0,1,22.4
61.7,30,6,0,0,50
61.9,65,3,1,0,60.5
58.6,31,2.8,1,1,48.2
40.4,47,0.1,0,1,27.8
61.3,40,1.2,0,1,150
58.3,45,1.6,1,1,72.5
27.8,69,0.6,0,1,88
59.1,29,1,0,0,94.6
65.7,30,3.8,0,0,74.4
65.7,68,0.7,1,1,50.7
79.6,37,5.5,1,1,67.8
54.1,56,2.8,0,0,40.4
42.5,20,1.7,1,0,26.3
44.6,27,0.5,1,0,82.7
46.7,62,1.9,1,0,61.9
40,82,1.1,0,0,80.7
53.7,77,0.8,1,1,64.6
40.7,65,0.7,1,0,61.3
45.3,45,1.2,0,1,47.2
61.8,66,3.9,1,0,103.1
69.8,64,4.4,0,0,68.8
41.3,68,0.9,0,0,23
45.5,80,1.5,0,1,82.2
68.5,23,1.6,0,0,139.8
40.1,31,1.3,0,0,54.1
48.2,67,1.8,0,1,66.8
42.5,47,3.3,0,1,42.1
62.4,25,3.2,1,0,109.9
42.8,81,1.3,1,1,60.8
74.2,54,0.6,1,1,150
40.8,24,0.3,1,0,52.4
39.4,82,1.1,0,1,40.9
82.1,25,3.5,0,1,150
33.2,31,0.5,0,0,52.7
44,45,0.8,1,1,82.1
49,76,3,0,1,124.4
45.9,18,0.4,1,0,100
70,40,2.8,1,1,36.8
61.2,51,0.9,1,1,68.2
44.3,67,0.3,0,0,51.5
63.9,35,4.8,1,0,85.2
42.6,28,0.8,0,1,57.2
53.6,79,3,0,1,68.9
66.3,25,5.5,1,1,112.4
27.6,73,2.2,1,0,20
47.2,26,3,0,0,40.5
63,34,4.2,0,0,56.1
52.2,72,3.5,1,0,33.6
61.2,67,1.9,0,1,110.4
47.9,78,2.6,1,0,29.5
33.6,74,0.1,1,0,74.5
43.6,21,2.8,1,0,31.1
55.9,54,0.6,1,1,58.6
62.1,20,0.8,0,1,150
48.9,20,1.7,1,0,52.9
68.6,73,7,0,0,37.4
48.4,72,3,1,1,57.1
59.7,40,1.9,0,1,150
71.3,23,3,1,1,105.1
46.3,21,2.7,0,0,71.5
39.2,73,0.8,0,1,53.6
49.1,27,2.3,0,0,45.8
51.3,66,3.4,0,1,101.5
62.8,82,1.6,1,1,81.9
26.4,18,1.2,0,0,59.7
41.8,55,0.7,0,0,51.7
46.1,82,3.4,0,1,24.3
47.5,65,2.4,0,0,38.1
19.2,39,0.3,1,0,32.8
77.4,69,1.7,0,0,134.4
45.7,31,0.7,0,0,36.2
31.5,64,0.3,0,0,73.4
68.4,57,1.9,1,1,104.5
51.2,27,0.7,0,1,83.2
43.3,70,0.1,0,0,52.7
68.8,27,2.3,0,1,127.9
36.1,56,0.3,1,0,79.1
55.1,81,1.2,0,0,150
54.2,35,0.7,1,0,31.8
46.6,50,0.4,1,0,28.3
38.1,76,1.9,0,0,41.1
33.6,73,3.3,0,0,32.3
49.1,53,1.1,0,0,48.8
35.4,84,1.7,1,1,27.5
69.8,60,2.1,1,1,50.2
90.8,62,6.4,1,1,109
61.1,25,1.3,1,1,79.3
42.7,45,3.1,1,0,40.3
49.2,66,4,0,0,38.8
58.7,75,3,1,1,66.8
51.7,51,1.5,1,1,64.1
26.8,59,1.2,1,0,44.9
42.6,22,1.6,0,0,28.3
66.9,27,4.1,1,1,72.7
50.8,32,0.7,1,0,24.9
31.4,83,0.5,0,0,21.8
42.2,76,1.7,1,0,20
66.5,64,5.7,0,1,33.4
34.3,78,1.3,0,1,31.3
31.9,31,0.5,1,0,28.7
44,62,1.1,1,0,41.2
62.3,57,0.7,1,1,67.8
48.7,22,1.4,1,0,46.5
49.4,29,4.3,1,0,20
54.1,53,0.7,1,0,67.8
54,30,0.9,1,0,47.9
50.7,57,1.2,1,0,105.8
45,46,0.5,1,0,40.4
38.6,28,0.7,0,0,49.3
38,55,1.9,1,0,28.4
61,82,2.4,0,1,136.6
37.4,79,0.1,1,0,101.4
53.4,44,3.4,1,0,54
69.3,20,0.7,1,1,93
21.1,79,0.2,1,0,30.8
30.3,84,1.5,1,0,77.5
65.1,37,3.4,1,1,81.4
35.1,77,3.8,1,0,27
52.5,69,2.4,1,1,52.9
42.6,44,0.5,1,0,50.2
58.6,44,2.1,1,0,22.9
71.5,26,4.3,0,1,90.9
61.6,66,3.2,0,0,48.1
72.4,73,1.6,1,1,100
54.1,70,2,1,0,79.6
40.5,60,4,1,0,73.5
47.4,19,0.9,0,0,61.4
46.5,77,1.5,0,0,69.3
51.6,60,1.4,0,1,57.4
38.5,20,1.5,0,1,66.4
43.9,32,1.8,0,0,43.7
49.8,55,0.5,0,0,56.4
45.1,28,1.3,1,0,90.3
36.8,56,0.8,0,0,32.1
40.9,29,1.4,0,0,45.6
42.7,52,1.4,1,0,34.1
44.9,37,1.5,0,0,20
34.8,44,0.8,1,0,31.2
51.7,37,2,1,0,47.9
68.2,25,5.1,0,1,78.5
57.3,47,2.8,0,1,59.9
60.5,44,2.5,0,0,45.4
48.2,83,2.8,0,0,55.3
33.1,21,1.4,1,0,31.9
65.6,30,1.9,0,0,65.6
72.9,60,3.4,1,1,126.1
35.8,85,1.7,0,1,32.8
44.8,52,1.6,1,1,62.8
54.9,48,1.6,1,1,132.6
55.8,72,5.9,0,1,62.6
49.6,82,1.7,1,0,81.1
52.2,58,1.8,0,0,68.2
39.9,70,2.1,0,0,45.5
33.2,78,1.9,0,0,32.4
79.2,39,3.8,1,0,133.2
69.4,40,5.2,0,1,65.2
40.4,69,1.6,1,1,20
66.1,42,6.7,0,0,22.2
68.6,27,3,1,1,146.7
36.1,60,0.5,0,0,64.9
50.7,32,0.6,1,1,101.3
54.7,39,3.2,0,1,24.8
66.4,46,2.5,0,0,150
57.3,67,1,1,1,73.4
68.2,28,3,1,1,137.4
59.7,21,0.6,0,0,77.2
30.7,82,0.5,1,0,28.6
50.5,28,3.3,0,0,36.3
52,49,2.1,0,0,24.8
44.8,60,2.7,0,0,61.2
61.7,53,6.6,1,0,42.6
42.1,78,1.3,0,0,58.7
38.4,69,2.8,0,0,27.7
40.2,65,1.6,0,0,20
52.2,54,1.1,1,0,104
29.8,83,0.6,0,1,42.9
83,82,4,0,1,150
64.3,44,3.1,1,0,53.9
38.6,62,0.5,1,0,55.1
47.1,61,2.1,1,1,45.2
43.5,74,3.1,0,0,65.1
53.2,51,1.5,1,0,23.8
51.3,44,5.1,0,1,30.5
43.7,60,0.4,1,0,20
42,45,1.4,1,0,43.6
27.5,77,1,0,0,39.4
49.4,57,1.8,0,1,58.1
32.9,78,0.5,1,0,40.8
58.6,73,3.1,1,0,137.1
56.9,41,3,0,0,54.9
38.3,57,2.7,1,0,25.9
60.7,22,1.5,1,1,101
44.5,32,1.2,0,0,29.9
46.1,60,1.3,1,0,73
60.8,67,3,0,1,70.5
53.3,23,0.8,0,0,46.8
67,30,2.2,0,1,31.1
43.4,55,1.3,1,1,99.8
54.3,41,1.8,1,0,49.2
54,43,3.1,0,0,28.1
61.9,40,1.2,0,1,150
62.5,44,0.6,1,1,66.1
51.9,24,1.7,1,0,99.2
56.5,73,2.5,1,0,66
37.3,55,1,1,0,42
45,68,2,0,0,28.6
43.3,73,0.2,1,0,69.5
49.4,41,1.9,0,0,26.1
43.4,22,2.4,0,0,70.8
44.9,21,2.7,0,0,76.7
58.6,34,2,1,0,128.4
51.6,19,2.5,1,1,110.9
72,52,5,1,0,56.5
44,56,4,1,0,29.3
43.5,59,2,1,0,45
64.4,68,4.5,1,0,20
42.6,22,1.9,0,0,67.4
68.1,62,3,1,1,76.8
41.2,68,1.9,1,0,20
51.4,50,0.9,0,0,54.3
37.6,80,0.8,1,1,43.3
46.7,77,0.4,0,1,44.4
37.6,65,0.3,0,0,112.7
53,68,4.4,0,0,26.5
51,61,0.1,0,1,93.8
53.5,38,1.3,1,0,97.5
50.4,66,3.5,0,0,37.7
44.6,23,0.8,0,0,34.6
51.9,24,1.4,0,0,91.8
48.1,80,0.7,1,0,42.5
61.9,44,0.2,0,1,118.8
59.1,71,2.3,1,0,81.1
80.3,29,5.5,1,1,73.6
24.9,45,1.3,1,0,43.1
69.2,38,1.8,1,0,107.5
61,33,3.3,0,1,131.9
42.9,28,1.5,0,1,43
40.5,84,1.9,1,0,75.8
65.7,21,1.1,0,0,141.3
44.2,33,1.5,0,0,20
67.7,74,4.2,1,0,31.8
80.1,46,5.1,1,1,124.3
41.7,68,0.8,0,0,107.7
39,62,1.3,1,0,48.6
71.4,74,4.4,0,0,67.5
36.7,67,0.7,1,0,23.8
54.9,85,0.7,1,1,77
57.8,36,0.3,0,0,89.7
46.7,54,2,1,0,60.3
40.6,68,0.9,0,1,38.1
60.8,28,3.1,1,1,146.9
32.1,72,0.9,0,1,30.5
67.8,54,3.5,0,1,53.3
29.7,78,0.4,1,0,36.9
44.6,40,2,0,0,66.5
56.9,49,1.7,0,0,70.1
42,80,3.5,1,0,54.9
65.6,52,3.7,1,0,66.6
48.2,39,0.7,1,0,37.9
41,80,0.9,1,0,85.9
59.5,83,0.6,1,1,95
53.3,33,1,1,0,123.2
59.3,23,0.4,1,1,96.4
44.4,71,0.7,1,1,96.5
13.1,81,0.2,0,0,48
50,69,1.3,1,0,60
23.4,81,0.2,0,1,59.3
36.7,60,1.7,0,1,36.8
44.9,72,2.8,0,1,70.5
56.5,60,3.1,1,1,43.4
53.8,71,4.1,0,1,65.2
29.2,76,0.4,0,0,30.3
66.2,37,0.9,1,1,77.7
39.7,48,1.5,0,0,54.7
54.2,35,3.2,0,1,42.9
34.5,50,3.3,1,0,20
38.2,39,1.7,0,1,111.9
56.2,48,1.2,0,1,20
42.6,24,0.8,1,0,71.7
44.6,84,2.6,0,0,67
44.4,81,1.5,1,1,53.3
52.2,70,1.1,1,0,90.4
42.6,58,2.1,1,0,70.3
40.8,53,1.7,0,0,23
34,77,2.1,0,0,28.9
39.4,69,2.5,0,0,71.1
75.3,59,4.2,1,1,96.5
37.5,58,1.8,1,0,82.7
51.6,84,1.7,1,1,51.4
39.3,70,1.5,1,0,72.1
46.5,43,1.6,0,0,49.3
62.4,62,1.2,1,1,49.8
49.2,32,2.5,0,0,26.6
44,47,0.4,1,0,34.1
68.9,77,3.2,1,1,123.6
47.4,27,0.4,0,1,81.1
53.8,66,0.6,1,0,40.2
42.9,34,1.2,1,0,80.1
42.1,49,1.8,0,0,20
47.7,52,1.8,0,0,32
44.8,52,1.2,0,0,51
93.9,41,5.2,1,1,72.5
31.9,69,1.3,1,0,40.1
53.5,25,1.1,1,0,119.3
61.4,70,3.3,1,1,29.8
27.8,73,1,0,0,29.1
45,84,2.8,0,0,73.7
44.7,84,0.4,0,1,110.3
39.7,62,0.2,1,0,78.3
39.7,73,1.8,1,0,35.2
50.7,60,0.7,0,0,85.1
39.2,62,3.3,0,1,61.7
44.1,42,2.7,1,0,24.3
43.3,35,1,0,0,48.6
35.5,25,1.2,0,1,45.5
44,70,3.4,0,1,43.2
41.6,77,3.7,0,1,31
39.9,20,1.1,1,0,35.4
63,47,0.4,1,1,79.2
40.3,67,1.4,0,0,31.4
46.9,37,1.2,0,0,74.6
42.3,50,1.6,1,0,42.9
61.8,42,1.7,1,1,128.1
53.3,31,0.7,0,1,121.3
59.6,26,1,0,1,115.3
36.5,48,1,0,1,68.6
48.1,45,3.9,0,0,37.4
57.3,22,1.1,0,0,59.5
67.9,38,1.4,0,0,125.9
39,33,0.9,0,1,41
41.6,20,1.7,1,0,49.7
